Date,Log_Close_XOM,Log_Close_CVX,Spread
2010-01-04,4.0247800988361915,4.128520520689239,-0.0013259135456564763
2010-01-05,4.028703210968663,4.1355824702383455,0.001203911624715559
2010-01-06,4.037333196393592,4.135694417399402,-0.008653819880481528
2010-01-07,4.034187539397548,4.131913270540864,-0.008800987317198583
2010-01-08,4.030161533445187,4.133693472286012,-0.002369794443197293
2010-01-11,4.041295341132285,4.1512760984754244,0.002350644905018129
2010-01-12,4.036309293468988,4.145449505539369,0.0022841188254032474
2010-01-13,4.03229183781909,4.137834993296629,-0.0006892799144448958
2010-01-14,4.032433696882349,4.134702449061045,-0.00398570499187656
2010-01-15,4.0242439345426115,4.130660419337763,0.0014333819449365848
2010-01-19,4.026565239800811,4.136333875161029,0.004425179993475581
2010-01-20,4.008459823064931,4.116937410874735,0.005944763427720545
2010-01-21,3.9887247536915234,4.092208950091679,0.004014985425840223
2010-01-22,3.9797003453160604,4.070325056377881,-0.00744357762673431
2010-01-25,3.975936331171799,4.069761526961248,-0.0036587785508164217
2010-01-26,3.9769864362787977,4.064417858979948,-0.010215566829205436
2010-01-27,3.9711783130368286,4.058320069044732,-0.009603597764230365
2010-01-28,3.962278761759188,4.0520631699654945,-0.005579405724166264
2010-01-29,3.9540858298005324,4.036680138027562,-0.01149765934088176
2010-02-01,3.98095187486701,4.056677308492342,-0.022537138784245236
2010-02-02,3.9926071049841845,4.068462492507996,-0.02421650810535869
2010-02-03,3.98724178897382,4.0516284138133685,-0.03485237510756356
2010-02-04,3.9585821112081003,4.026208466455131,-0.027163601658779513
2010-02-05,3.9598412688836215,4.023546490913385,-0.03128020276441479
2010-02-08,3.952876999436412,4.0086777354650085,-0.03810357631291694
2010-02-09,3.966018645189158,4.02536954771857,-0.03659347976911409
2010-02-10,3.9606417263305924,4.017463517886143,-0.03828789386930875
2010-02-11,3.966586945418513,4.031227252906622,-0.03139229604589122
2010-02-12,3.9598412688836215,4.0211464324465,-0.03368026123130008
2010-02-16,3.9823882680887097,4.048649602959971,-0.032224218945149374
2010-02-17,3.974528210779543,4.046536415715448,-0.0252571769873855
2010-02-18,3.9775672706355523,4.057213663883894,-0.01809076327810555
2010-02-19,3.9762364737417717,4.06307746834759,-0.010689572973324957
2010-02-22,3.969026962895879,4.048195906196121,-0.017242441281720033
2010-02-23,3.9620314747813916,4.035567191519601,-0.021789709098134047
2010-02-24,3.9713291113255536,4.03965955757037,-0.02843831700465227
2010-02-25,3.965070759850219,4.0365212214848984,-0.024346773766186658
2010-02-26,3.962906215742716,4.039148926754151,-0.019218507007177088
2010-03-01,3.969026962895879,4.046186698108849,-0.01925164936899204
2010-03-02,3.970386248725061,4.053123182402598,-0.01388546238923194
2010-03-03,3.9695369116287527,4.0505668148762055,-0.015460644257412781
2010-03-04,3.969026962895879,4.049835222236143,-0.01560312524169749
2010-03-05,3.9852734671677386,4.066425082223967,-0.017781828474443984
2010-03-08,3.985422154997914,4.071024756900484,-0.013353923484136665
2010-03-09,3.989928045301673,4.066425082223967,-0.02315896945874485
2010-03-10,3.996474441897595,4.061804152737461,-0.035342538656631284
2010-03-11,3.996474441897595,4.062234508303867,-0.03491218309022592
2010-03-12,3.990224018222311,4.058596479170013,-0.031329491388269126
2010-03-15,3.9827237510008655,4.056556156160444,-0.02470522802520403
2010-03-16,3.9867779111323682,4.062114027412851,-0.02383087265173156
2010-03-17,3.998604289941265,4.07136589665169,-0.028241274054686016
2010-03-18,3.99902604904972,4.072610070076094,-0.027484332366932485
2010-03-19,3.993824166116546,4.075552424209615,-0.018532570482454602
2010-03-22,3.9927731551132553,4.0685822109986605,-0.024288616871383617
2010-03-23,3.99245948171849,4.07272929308287,-0.019779167668578346
2010-03-24,3.985738043250427,4.061442510879503,-0.0233010953093844
2010-03-25,3.9827237510008655,4.059684101958476,-0.021577282227172034
2010-03-26,3.9863509533854167,4.0681374700529265,-0.017314192615346613
2010-03-29,3.9976868081806654,4.078875531318169,-0.019671730490920858
2010-03-30,3.993990014292135,4.0797722330388435,-0.014504355605774677
2010-03-31,3.9929391776742578,4.08679950304906,-0.006263120230019403
2010-04-01,4.002265822353973,4.098104152763249,-0.005732955745259893
2010-04-05,4.010799896511756,4.110644329635553,-0.003051657292532539
2010-04-06,4.0065692571500655,4.113493381060861,0.004684785352118581
2010-04-07,3.9982924405803217,4.106915219395953,0.007668308616771924
2010-04-08,4.005950411459505,4.110644329635553,0.002550647379742088
2010-04-09,4.0191719209451895,4.134109998781517,0.010742339274903756
2010-04-12,4.018416986876189,4.145718686676147,0.02322315495556726
2010-04-13,4.017679477286615,4.142944232058163,0.021300698719885602
2010-04-14,4.017013452619083,4.147569323459399,0.026695206474933286
2010-04-15,4.0118683403978626,4.1600386654174635,0.04510837255571509
2010-04-16,4.00702404654494,4.149668887742464,0.04033490248733518
2010-04-19,4.011433856883297,4.156693187286636,0.04226482586656655
2010-04-20,4.022185970841724,4.16567248313572,0.0388228816010594
2010-04-21,4.0214691634709245,4.164072718876202,0.03805119975426763
2010-04-22,4.016220845440522,4.155220132940382,0.035261665112866325
2010-04-23,4.026137096508985,4.173201952299595,0.04178786411368218
2010-04-26,4.0267792427263345,4.172184846340437,0.04002892707040395
2010-04-27,4.0119950292050754,4.143214088321656,0.028137439859483138
2010-04-28,4.025387404383124,4.148059089724294,0.017511073637630048
2010-04-29,4.017679477286615,4.168570384574072,0.046926851235794764
2010-04-30,4.004638649137608,4.158164074935055,0.051585789078181676
2010-05-03,4.0057136927439645,4.175079338053522,0.06725912202181572
2010-05-04,3.9852734671677386,4.149795036882452,0.06558812618404097
2010-05-05,3.980765178826291,4.142706063099979,0.06370729400157771
2010-05-06,3.945709200582943,4.10472384396697,0.06622303879419089
2010-05-07,3.9427267830031516,4.103403406710447,0.06834800074230785
2010-05-10,3.966435430266708,4.138983263840481,0.07653875080079775
2010-05-11,3.95458428651222,4.136589543815846,0.08783591079996356
2010-05-12,3.961555750958637,4.141085008105915,0.0842776812606969
2010-05-13,3.958868422659651,4.1267794833652625,0.07307665766256388
2010-05-14,3.9411545319343935,4.112822783467874,0.07958370014298222
2010-05-17,3.9359543527198486,4.111562151839165,0.08433050806639475
2010-05-18,3.928349008026919,4.1002106563328935,0.08176498831804313
2010-05-19,3.9229035965243577,4.0969411880693665,0.08478626102485887
2010-05-20,3.888365357077471,4.056954173003541,0.0846990988590135
2010-05-21,3.8974371470997276,4.068838702369132,0.08610356053081825
2010-05-24,3.8860485716559103,4.0547891263887665,0.08521048853634428
2010-05-25,3.87801110283644,4.042840719354985,0.08254726304976368
2010-05-26,3.871326003096042,4.028738805124107,0.07616822353789798
2010-05-27,3.906909956041323,4.067247394337733,0.07356891290330259
2010-05-28,3.8905133219402637,4.060615409477973,0.08587892680098141
2010-06-01,3.8702839238454074,4.039025631964961,0.0876588989094329
2010-06-02,3.895629360941712,4.0641258756381,0.08347915529823391
2010-06-03,3.9085570057849712,4.061184115170879,0.0656029008947363
2010-06-04,3.87500626174887,4.024923027443595,0.0681008748093741
2010-06-07,3.8711593433731446,4.02590510899958,0.07352705889541644
2010-06-08,3.9033051148084232,4.02128988131619,0.03177584593413263
2010-06-09,3.88335600541276,4.018039306012026,0.051571220369143855
2010-06-10,3.9139212027112262,4.064692588973606,0.06291445581243327
2010-06-11,3.9134419981815602,4.063197833225264,0.06197329487809711
2010-06-14,3.9054413940625916,4.064812759616062,0.07283081534925495
2010-06-15,3.923852757181723,4.078875531318169,0.06562409874200004
2010-06-16,3.923852757181723,4.075144753194474,0.06189332061830477
2010-06-17,3.925235336900281,4.080059684110733,0.06521104425717006
2010-06-18,3.9332755614615977,4.082710481323733,0.05857347638796462
2010-06-21,3.933706216259288,4.085371087422993,0.06073657412102751
2010-06-22,3.9146595267492756,4.062372182978828,0.05974111055432196
2010-06-23,3.9010025021446806,4.038549923899786,0.05169595191529153
2010-06-24,3.8840144010088333,4.018578806447721,0.05135011783682364
2010-06-25,3.8677575891301306,4.007678580122242,0.05923036246095359
2010-06-28,3.8570598273528596,4.0062234788269215,0.07013371162830184
2010-06-29,3.836674263838291,3.9831150055355593,0.0705753960328841
2010-06-30,3.8328066229205793,3.9757862260979655,0.06771465857305126
2010-07-01,3.8247206770253497,3.970178699596494,0.07144831613143854
2010-07-02,3.82402204805623,3.967665826893532,0.06974252547857418
2010-07-06,3.839624340806362,3.97134795951283,0.055400311877502606
2010-07-07,3.856341148000867,3.9989343774174424,0.06367485521352867
2010-07-08,3.862790743547921,4.0126463182375955,0.06993598447776739
2010-07-09,3.8623284324042926,4.032788256522995,0.09061200171218653
2010-07-12,3.8650362142038093,4.0329123227035995,0.08760793810921941
2010-07-13,3.873157429206279,4.051924068560346,0.09723775572767357
2010-07-14,3.8704507295171866,4.0494692251077495,0.09790979196462457
2010-07-15,3.8706383526454147,4.049329762387652,0.09755358006052584
2010-07-16,3.848294822544496,4.02799106167208,0.10202695253020932
2010-07-19,3.856341148000867,4.0349660387026,0.09970651649868634
2010-07-20,3.8652038974505496,4.050131407545775,0.10463330905671286
2010-07-21,3.851890762373391,4.037333196393592,0.10721492443080782
2010-07-22,3.8724710374160316,4.0547891263887665,0.10089575876410661
2010-07-23,3.878218000815785,4.055880895769972,0.09534842325913706
2010-07-26,3.88936831486334,4.0707517612837805,0.09733803317304135
2010-07-27,3.8962797278121863,4.0797722330388435,0.09837418481201832
2010-07-28,3.8979443648185867,4.083233057467382,0.09991195894178917
2010-07-29,3.8885291740124126,4.089332020398556,0.11688769886587602
2010-07-30,3.877514372964483,4.091808014570104,0.13208839900313363
2010-08-02,3.9146595267492756,4.1124627651357795,0.10983169271127302
2010-08-03,3.927167742754599,4.123433998665321,0.10635297202641159
2010-08-04,3.927167742754599,4.128021088581485,0.11094006194257577
2010-08-05,3.927049539444769,4.128665470399996,0.11172099660078061
2010-08-06,3.915158085923619,4.124340162257481,0.12113313581688079
2010-08-09,3.9229035965243577,4.131447650173603,0.119292723129095
2010-08-10,3.914519885626733,4.12827889113838,0.12580913730849286
2010-08-11,3.88936831486334,4.103799720992856,0.13038599288211694
2010-08-12,3.886725710053984,4.103039980589324,0.13267908739011114
2010-08-13,3.88137821371344,4.107293692508311,0.14311042505921678
2010-08-16,3.880862521178522,4.111316389195489,0.14772886885494385
2010-08-17,3.8964219391994948,4.112069869984618,0.13050753389815695
2010-08-18,3.8853709744307197,4.102643365036796,0.1338475125852363
2010-08-19,3.870971817978531,4.086933837171809,0.13477242334615758
2010-08-20,3.8641973759455412,4.076452109380512,0.1321167817979476
2010-08-23,3.8745288010005656,4.076452109380512,0.12018153707950807
2010-08-24,3.8650362142038093,4.059425251425956,0.11412086683157563
2010-08-25,3.864532995691523,4.063335375347756,0.11861232740916039
2010-08-26,3.8572499795808546,4.0532621171208705,0.11695267902856576
2010-08-27,3.879541135182892,4.074855885638239,0.11279487932081844
2010-08-30,3.866104713483142,4.059425251425956,0.11288649690560737
2010-08-31,3.8679875198383895,4.063438519526218,0.11472467739814585
2010-09-01,3.8979443648185867,4.099116491767499,0.11579539324190646
2010-09-02,3.9004159028863934,4.107951565628317,0.12177525482435003
2010-09-03,3.9046357869941284,4.115029153414933,0.12397787625917767
2010-09-07,3.892003954714108,4.102792114303654,0.1263335974594102
2010-09-08,3.895304018821272,4.105350441398635,0.12507956832127087
2010-09-09,3.9002337848531696,4.106783542990528,0.12081762168100108
2010-09-10,3.902699677967262,4.125487868990859,0.13667325666247843
2010-09-13,3.8994037160717685,4.130933610452717,0.14592661533065998
2010-09-14,3.899606235413058,4.134222110893746,0.1489811579308662
2010-09-15,3.8994037160717685,4.130419306359091,0.14541231123703424
2010-09-16,3.898876973758131,4.128375549965018,0.1439770670649767
2010-09-17,3.895812319380164,4.120921577072553,0.14006349637101545
2010-09-20,3.9083763645079483,4.139078893562272,0.14370636277713222
2010-09-21,3.908215767085192,4.137228429620772,0.14204142692411414
2010-09-22,3.906749122925438,4.130933610452717,0.13744092938819596
2010-09-23,3.901871654371771,4.121943516412881,0.13408546759749074
2010-09-24,3.91166294061259,4.1418640781900775,0.1426947730116912
2010-09-27,3.910962443230825,4.141339465080205,0.14297940041137602
2010-09-28,3.9166124577619534,4.1512760984754244,0.14638892784274304
2010-09-29,3.9090385563871863,4.15623896575969,0.16010144639967594
2010-09-30,3.9122829716340037,4.153399325003416,0.1535137370340114
2010-10-01,3.924386264411545,4.164430169788789,0.15056240990897507
2010-10-04,3.9187006601813867,4.156583566496161,0.1492840271181377
2010-10-05,3.93575906310473,4.181821108781366,0.15481507080208612
2010-10-06,3.9465017238443885,4.187819726080696,0.14840336869512694
2010-10-07,3.9450515094419347,4.183392752387622,0.1456517363702865
2010-10-08,3.9533184878353174,4.18841154533513,0.14112020981379914
2010-10-11,3.955982472928601,4.185677144895284,0.13530827516688237
2010-10-12,3.958276621945581,4.187227556368814,0.13420840076093477
2010-10-13,3.9635332762746023,4.185205464716125,0.1261136274130319
2010-10-14,3.9675333953557135,4.187956330845379,0.1242434078854977
2010-10-15,3.9658480921230534,4.184444221111872,0.12267822284044794
2010-10-18,3.9823882680887097,4.194838254082212,0.11396443217709162
2010-10-19,3.9647293010590805,4.174664154636442,0.11419062522252865
2010-10-20,3.978334953114859,4.189397133090517,0.11320585070692157
2010-10-21,3.9830404926634264,4.192106280004596,0.11047898412379809
2010-10-22,3.983301263428776,4.195636813703973,0.11370826578066495
2010-10-25,3.9811758641164627,4.199440042761222,0.11996683481103165
2010-10-26,3.9861838333278357,4.202720526840384,0.11746192744982586
2010-10-27,3.9731557334308842,4.192786197534132,0.12257814147697044
2010-10-28,3.981511753947757,4.194340715380776,0.11447947506200418
2010-10-29,3.9855522387162616,4.17226193604977,0.08773297813769432
2010-11-01,3.99245948171849,4.158289157020336,0.06578069626888805
2010-11-02,4.0057136927439645,4.166882254512424,0.05906203848071723
2010-11-03,4.007624052017535,4.173525360096542,0.06349822630578661
2010-11-04,4.028151339487302,4.202600880991953,0.06885986474523786
2010-11-05,4.037033195508987,4.200714568173101,0.056712903021887584
2010-11-08,4.041611635569898,4.19859946691731,0.049308618302571716
2010-11-09,4.045994301281054,4.183926244256903,0.02957237795552725
2010-11-10,4.05305370780422,4.2029747267475495,0.04046557267394402
2010-11-11,4.06285389513073,4.213726319242181,0.03989562594184992
2010-11-12,4.051071649988634,4.20612442968211,0.04590502217774617
2010-11-15,4.043893018726003,4.1993049978585875,0.04737861095947604
2010-11-16,4.021773869387265,4.170842533194826,0.04446900651736918
2010-11-17,4.0227769503626805,4.170610917675551,0.04307859471875819
2010-11-18,4.041471072615033,4.186999705382373,0.037871240297082664
2010-11-22,4.039782774229418,4.182599609976988,0.03542152969173529
2010-11-23,4.02234718171485,4.161972057562687,0.03493621925896573
2010-11-24,4.035337381642068,4.176308500073531,0.03426590188459944
2010-11-26,4.025994341333868,4.16567248313572,0.03442331101325191
2010-11-29,4.029094677013983,4.161224091061645,0.026393296379422004
2010-11-30,4.030747819694026,4.1523933203286765,0.01565275401904298
2010-12-01,4.055828933771502,4.173525360096542,0.00781016223981279
2010-12-02,4.057939880328301,4.195079395889834,0.026925554418235187
2010-12-03,4.053887084590825,4.199680077567422,0.036208175776264895
2010-12-06,4.055569083270694,4.200384846784685,0.034969837846796636
2010-12-07,4.05764599910606,4.216134374830804,0.0483200358273459
2010-12-08,4.063111859791002,4.214258658887438,0.040129955261072325
2010-12-09,4.065241822634839,4.220169251012281,0.043579935452227936
2010-12-10,4.067658296959595,4.224568407604616,0.045187491440756844
2010-12-13,4.070171398028381,4.239843638912711,0.05755949535298033
2010-12-14,4.067658296959595,4.239973319107124,0.06059240294326429
2010-12-15,4.063111859791002,4.235786252450875,0.06165754882450969
2010-12-16,4.068240120135992,4.247609135286981,0.06755607544921727
2010-12-17,4.067538467801594,4.241211638031653,0.06196915294748795
2010-12-20,4.068240120135992,4.244716683709275,0.06466362387151126
2010-12-21,4.075144753194474,4.249523284860788,0.06149373728729568
2010-12-22,4.076265448822195,4.25722842512358,0.06790420847002387
2010-12-23,4.081715145821959,4.265661343542616,0.07004143515368888
2010-12-27,4.079112474080676,4.259449312269054,0.06683610663299344
2010-12-28,4.084731841039041,4.271248693451439,0.07214378706223012
2010-12-29,4.084109024034521,4.273243602214725,0.07485819708736052
2010-12-30,4.083957469335614,4.275762933488997,0.07755260996073865
2010-12-31,4.080600544429841,4.271988529464944,0.07765624986948705
2011-01-03,4.100011806347981,4.279453896218377,0.06269700820222202
2011-01-04,4.104707349257647,4.275762933488997,0.05358158046299799
2011-01-05,4.10201506852632,4.273995890460177,0.05492475980989031
2011-01-06,4.10846111977947,4.265745595455886,0.03922774774922111
2011-01-07,4.113853028610143,4.271248693451439,0.03850191304179784
2011-01-10,4.107721359263739,4.262693961449172,0.03703071247804157
2011-01-11,4.115225039801456,4.278234333169649,0.04390255463655901
2011-01-12,4.126876287224586,4.285006243291057,0.03721451237680906
2011-01-13,4.12856883959402,4.282054354146919,0.03230732407303183
2011-01-14,4.143214088321656,4.289116073480534,0.022450309873196517
2011-01-18,4.154294446650532,4.29466974345563,0.015203539684542022
2011-01-19,4.148311778492043,4.290610114728064,0.01805531070681532
2011-01-20,4.1420229975388425,4.2877983693889155,0.022508597951008902
2011-01-21,4.157726164386925,4.299283408881464,0.01585275773062822
2011-01-24,4.152754969768523,4.302672231730953,0.024984488649198333
2011-01-25,4.153933353633758,4.302442155331039,0.023393099581483945
2011-01-26,4.166308571061412,4.308380094505583,0.015034729422484183
2011-01-27,4.169065441747815,4.309550023434739,0.01301981926854534
2011-01-28,4.157851301255538,4.294887976857118,0.011312762962783829
2011-01-31,4.179083915675434,4.3114297989523465,0.003325882796316293
2011-02-01,4.218242198878338,4.324979979294606,-0.028361035353786868
2011-02-02,4.21227573505378,4.327662841652773,-0.01878549309226063
2011-02-03,4.212660789040143,4.336218270516901,-0.010674892848830275
2011-02-04,4.2107191991430275,4.334148554429418,-0.010501612404712368
2011-02-07,4.218507204842523,4.339797400456145,-0.01384975889325002
2011-02-08,4.207137389697223,4.340618530925164,0.00010620297026164849
2011-02-09,4.201942572820119,4.325165235544226,-0.009345847629294468
2011-02-10,4.209798962785155,4.329930386426198,-0.013656689297893543
2011-02-11,4.205185035447711,4.327346030878557,-0.010910865166332329
2011-02-14,4.230142135119321,4.332508080292696,-0.034580181266314014
2011-02-15,4.207003380361039,4.326223184808445,-0.014134330599942402
2011-02-16,4.2156325594293005,4.329508906762937,-0.020817355778628865
2011-02-17,4.2179182072992845,4.334764677201535,-0.01820205037976752
2011-02-18,4.225285101482696,4.3505746665241,-0.01090256995849792
2011-02-22,4.236350362076672,4.366671851039247,-0.007588384144789906
2011-02-23,4.25524384747063,4.385931500751093,-0.010155188243542668
2011-02-24,4.242491541566482,4.383587915240834,0.0022331621485340847
2011-02-25,4.235149438813122,4.384249163026979,0.01137627885814041
2011-02-28,4.23741984998067,4.4002594029349416,0.02476365572912176
2011-03-01,4.228846317226063,4.392075970526883,0.026484685772543592
2011-03-02,4.232119023618363,4.397580050767283,0.02820801442488552
2011-03-03,4.240779840451647,4.404533934377189,0.02515660178414958
2011-03-04,4.232119023618363,4.400283950944713,0.03091191460231535
2011-03-07,4.227855121296273,4.393139655677451,0.028693437157726542
2011-03-08,4.226439506982536,4.400492584701184,0.0376817362462285
2011-03-09,4.223865841746763,4.384660662574524,0.024823007483377957
2011-03-10,4.1876527393557526,4.35424425366143,0.03624131515087736
2011-03-11,4.1967055838921885,4.36280558822677,0.0343444685490617
2011-03-14,4.199890060769537,4.371445855129695,0.03930590986607285
2011-03-15,4.1877741870119625,4.375694126600672,0.057550887261374584
2011-03-16,4.161909748384525,4.358566075294157,0.07030239302268004
2011-03-17,4.184916260406488,4.3856824440520485,0.07084078733489729
2011-03-18,4.181103129480265,4.391110253406924,0.08067366670727072
2011-03-21,4.205453523859574,4.411682519581392,0.07311545578301448
2011-03-22,4.2020622974536055,4.414469623163249,0.07982022966062452
2011-03-23,4.202556010107914,4.4168506773905,0.08163092875115563
2011-03-24,4.204140228044984,4.415908602824474,0.07885870697256347
2011-03-25,4.214805490602524,4.429077191365158,0.07970638935241503
2011-03-28,4.213045694817001,4.422124366979567,0.07478654621024639
2011-03-29,4.210377919936231,4.4346072251401845,0.09035131668074659
2011-03-30,4.225168125316457,4.440543153649194,0.0792010523645823
2011-03-31,4.2208597319523244,4.435756957094849,0.07939207133184745
2011-04-01,4.2274175164464625,4.443403914348785,0.07946323315277581
2011-04-04,4.229647301751633,4.4425689001579505,0.07605228842524792
2011-04-05,4.236147897796464,4.452683121584999,0.07865678063318615
2011-04-06,4.233309085293705,4.446549530689381,0.07580269104060555
2011-04-07,4.240146199877451,4.4491126893406046,0.07046736179781465
2011-04-08,4.242290316970408,4.455695224599083,0.07457293360999806
2011-04-11,4.233047973536389,4.438406968109989,0.06796177443026608
2011-04-12,4.209531638697663,4.40442393211592,0.0611456790746967
2011-04-13,4.209308814022622,4.400860655767592,0.057839818040496205
2011-04-14,4.212660789040143,4.4111484482459,0.06425528488016852
2011-04-15,4.222796409103324,4.424031928818912,0.06542972191050378
2011-04-18,4.208565706312124,4.407499430646912,0.06533705845866766
2011-04-19,4.216960345762289,4.416065676897304,0.06420550642593881
2011-04-20,4.2388200162084795,4.438690481791423,0.06157721072162392
2011-04-21,4.2470513429857855,4.441662532569755,0.05504012806276304
2011-04-25,4.245433416584957,4.435034084057938,0.05028076802881554
2011-04-26,4.259293869291585,4.447369519724046,0.046604095580030425
2011-04-27,4.263355704956203,4.449393184416249,0.04393537733327779
2011-04-28,4.25833241232755,4.447896300694852,0.04824158723120142
2011-04-29,4.265689428302423,4.45370755678012,0.04555374608739271
2011-05-02,4.254108032259219,4.442098162385498,0.047323609173768766
2011-05-03,4.2384881953021605,4.4233964790969695,0.04666653982298019
2011-05-04,4.228933728540056,4.409252620927473,0.04356035538702585
2011-05-05,4.202750436065887,4.389287709152085,0.053843352447960235
2011-05-06,4.203572589406416,4.391840817645486,0.05544667896423405
2011-05-09,4.209531638697663,4.403567945661609,0.06028969262038597
2011-05-10,4.2114755334788425,4.406170316141323,0.06064640388109499
2011-05-11,4.19010918420648,4.385881694373376,0.06504097982760726
2011-05-12,4.189260725017979,4.390689007752535,0.07082846467337767
2011-05-13,4.187045279733137,4.3870390514974185,0.06973787283256794
2011-05-16,4.179221718938527,4.379849265926074,0.07158615433870175
2011-05-17,4.181317049566649,4.3752915045189615,0.0646077894156667
2011-05-18,4.197728124995706,4.399387557945319,0.06974516092782856
2011-05-19,4.20491647493046,4.409155302062135,0.07120865706954671
2011-05-20,4.195651874738817,4.3965457207730845,0.06930188492026534
2011-05-23,4.1845508301082495,4.384797791469667,0.0703782933621735
2011-05-24,4.1922423004985605,4.393621651892607,0.07031668243299372
2011-05-25,4.200414825949167,4.403176393396616,0.07043021996938226
2011-05-26,4.205692119724049,4.404240568119538,0.06539786954510962
2011-05-27,4.20855083852393,4.4027724444845395,0.06062724811565712
2011-05-31,4.218639681493707,4.419165856102452,0.06536565482099643
2011-06-01,4.201268854543608,4.3957815999062175,0.062048821028438006
2011-06-02,4.192680462942962,4.382339085855927,0.058527934918684466
2011-06-03,4.1908509959263025,4.381151251637927,0.05945356872971708
2011-06-06,4.1798339482375155,4.367978418947822,0.05900803740801752
2011-06-07,4.176185651837017,4.365871845917182,0.06111611144817708
2011-06-08,4.18566193287779,4.370687590003888,0.054984504841250725
2011-06-09,4.1908509959263025,4.3834131729852155,0.061715490077005164
2011-06-10,4.1734637666747,4.3678769990694395,0.06626568711085667
2011-06-13,4.166541185101494,4.360445426640277,0.06683133720613021
2011-06-14,4.180950301396279,4.377164835256974,0.06690480121801468
2011-06-15,4.159320487684451,4.3551691805039985,0.06989670805407311
2011-06-16,4.16640162317066,4.365477957534973,0.07202509521025302
2011-06-17,4.163917265574061,4.362869299132187,0.07228645868011263
2011-06-20,4.172616472189194,4.37028294671671,0.06965046071671743
2011-06-21,4.18330126805425,4.386964423703505,0.07398846594266395
2011-06-22,4.173971798984165,4.381814112092558,0.07961590240146954
2011-06-23,4.1565052585737075,4.364778741264328,0.08275852570986952
2011-06-24,4.135150556614354,4.349968210979993,0.0926177377327928
2011-06-27,4.149905404327321,4.360138834915852,0.08574301532972495
2011-06-28,4.171567914630631,4.374662082810828,0.07524092932267745
2011-06-29,4.179344194787973,4.383899879055562,0.0754952788325518
2011-06-30,4.193329798906522,4.399178693491447,0.07461740560907959
2011-07-01,4.201029200842059,4.411281992822671,0.0778260707734919
2011-07-05,4.195953047810198,4.421103106655675,0.0935113445206266
2011-07-06,4.195606690953764,4.420694310314721,0.09350267244320953
2011-07-07,4.205289456173828,4.434998519439987,0.09662099270637281
2011-07-08,4.205990284521941,4.428421074242612,0.08923392465486124
2011-07-11,4.199680077567422,4.414348606136007,0.08245124124156522
2011-07-12,4.19956006736641,4.414130738574414,0.08237201390725524
2011-07-13,4.206720412773832,4.4208386104592705,0.08080798968378389
2011-07-14,4.203841511032324,4.416838605125925,0.0801337982262833
2011-07-15,4.213045694817001,4.43125717805263,0.08391935728330946
2011-07-18,4.20881842489646,4.43160220461715,0.08914788256401174
2011-07-19,4.2205806587672425,4.4433686461636235,0.08732615607600636
2011-07-20,4.216635938539909,4.439788338719915,0.08830293548220158
2011-07-21,4.237087564067258,4.461322909989933,0.08621103177333111
2011-07-22,4.239382417532688,4.457122511546149,0.07935953364513804
2011-07-25,4.231770444799712,4.449077621923491,0.08010827673764709
2011-07-26,4.229428915046149,4.444214739495882,0.07795041617056953
2011-07-27,4.216739170435707,4.425959784527516,0.07435512398187605
2011-07-28,4.194340715380776,4.420321438536193,0.0945923025161397
2011-07-29,4.173617743116608,4.410553351099985,0.10876415985512011
2011-08-01,4.171197572831784,4.423588355529136,0.12459503459798338
2011-08-02,4.148864312664552,4.405132623388357,0.1319395114348465
2011-08-03,4.1472690255299876,4.398391988760146,0.12704181156595418
2011-08-04,4.096159580745661,4.339093037288695,0.12678638290724642
2011-08-05,4.109249594942287,4.346956296785346,0.11952757337929665
2011-08-08,4.045399386038928,4.268563940388076,0.11489734219963577
2011-08-09,4.065825053061691,4.302956370690345,0.12569328574856176
2011-08-10,4.020733902285592,4.272128059806043,0.1469559416265902
2011-08-11,4.071570524655746,4.310047164881717,0.12614669844293136
2011-08-12,4.077435743819187,4.3289422635814265,0.13826607882013242
2011-08-15,4.108773298874222,4.362104500237008,0.13522601168244464
2011-08-16,4.098054339149178,4.352417581169764,0.13792203173193585
2011-08-17,4.106997508345416,4.3556826593342794,0.13085562974274367
2011-08-18,4.06257865945845,4.309187088496924,0.13567435763511515
2011-08-19,4.046414028464551,4.3097112855801445,0.15487253489705566
2011-08-22,4.051837120355337,4.309818779231404,0.14871507201982137
2011-08-23,4.100243794153091,4.352108517886597,0.13508362896921788
2011-08-24,4.098602152474742,4.354796743412666,0.13966833973974513
2011-08-25,4.074243890515098,4.337917995047818,0.15092915739370216
2011-08-26,4.086261986028744,4.347163413846061,0.14629082731499832
2011-08-29,4.106487207668482,4.366506823015845,0.1422693116588949
2011-08-30,4.103618096443322,4.363034928492281,0.1421119206442203
2011-08-31,4.105103147207963,4.367471216664683,0.14483262319306256
2011-09-01,4.097938097732231,4.364257189062305,0.1498959260128787
2011-09-02,4.079332442101597,4.342557890763515,0.14969056992592567
2011-09-06,4.065550634056454,4.334253453202198,0.1573073872549351
2011-09-07,4.100111236283102,4.372039428140814,0.1551676749824651
2011-09-08,4.088762343925867,4.363124102170818,0.15936300962757333
2011-09-09,4.063610402852239,4.329877711182234,0.15517307215423148
2011-09-12,4.075212709906074,4.337408380971441,0.14930032728878295
2011-09-13,4.072576003748952,4.3376305523710545,0.15256851925847847
2011-09-14,4.086261986028744,4.351889540253643,0.15101695372258028
2011-09-15,4.104971231963317,4.371723741677985,0.14923754158080715
2011-09-16,4.112233595057841,4.375455089290843,0.14457913847625026
2011-09-19,4.100740729727338,4.3661893848660025,0.14859041757546976
2011-09-20,4.104971231963317,4.356824204648683,0.13433800455150546
2011-09-21,4.077028840012413,4.320164528739719,0.12995841432059585
2011-09-22,4.038338425432361,4.275707326187743,0.13019781110621143
2011-09-23,4.039360253889341,4.273912330819434,0.12722236167378487
2011-09-26,4.073529422508181,4.290212835401228,0.10404937764007194
2011-09-27,4.090001812787964,4.312368363286081,0.10717539042514446
2011-09-28,4.078418411671842,4.292963153558121,0.10115175451264946
2011-09-29,4.103205190654297,4.321453574028147,0.10100757023436113
2011-09-30,4.086177972889041,4.3022255644703264,0.10145003302862499
2011-10-03,4.065550634056454,4.2724628532137405,0.09551678726647772
2011-10-04,4.088913172224894,4.290116916740178,0.08618158176186341
2011-10-05,4.10411335844704,4.324304826863233,0.10280967401265517
2011-10-06,4.103337339057146,4.323801475592902,0.10320280907168478
2011-10-07,4.0988676509496855,4.321506694878093,0.10607157753750851
2011-10-10,4.135198556230367,4.3609817360781316,0.1035758118974508
2011-10-11,4.135070552134061,4.354886654721642,0.0976286056120399
2011-10-12,4.146668158999149,4.356721647120231,0.08606561318802708
2011-10-13,4.136365837317838,4.356824204648683,0.09806979414012673
2011-10-14,4.158867458237601,4.38386244853596,0.09911333247530596
2011-10-17,4.150677635562261,4.365198329692387,0.08991039999374806
2011-10-18,4.1688024731401105,4.408230300170517,0.11200388707569076
2011-10-19,4.16296847676392,4.401326684718877,0.11183992022678257
2011-10-20,4.166541185101494,4.412507341927468,0.11889325249332128
2011-10-21,4.1844746819848835,4.433004879438511,0.11867335046232075
2011-10-24,4.184916260406488,4.439988892011725,0.12514723529457417
2011-10-25,4.175801653798368,4.4231805740943315,0.11886844837612998
2011-10-26,4.196073491645877,4.444672741324152,0.116941838010999
2011-10-27,4.205990284521941,4.465126203843456,0.12593905425570462
2011-10-28,4.201164013116171,4.471215846791418,0.137604184612103
2011-10-31,4.158586164283565,4.428397207324546,0.14397305245379055
2011-11-01,4.130724706314851,4.3997683161500385,0.1475307490247344
2011-11-02,4.149321895530535,4.423564372988425,0.14984264436728267
2011-11-03,4.168400152051512,4.438690481791423,0.14292884491306612
2011-11-04,4.164057174633401,4.441521206459521,0.15077673788231927
2011-11-07,4.1746180125032835,4.4535562858128035,0.1506115463400075
2011-11-08,4.1857227795593825,4.46411340567199,0.1483400281700833
2011-11-09,4.155580761692674,4.421043000026496,0.14009079749616493
2011-11-10,4.172354435857128,4.4326722193427734,0.13234244741481582
2011-11-11,4.185220683678954,4.447287551071155,0.13209421331915028
2011-11-14,4.175678743277072,4.439091988628338,0.13492185369478804
2011-11-15,4.177306082936448,4.411342689007935,0.10529259105174127
2011-11-16,4.16660320637481,4.397481589228742,0.10379585052347995
2011-11-17,4.161613726757204,4.387859589866325,0.09993788273818183
2011-11-18,4.1621278135245605,4.3655796210035644,0.07706402180900707
2011-11-21,4.149321895530535,4.342687914558053,0.06896618593691084
2011-11-22,4.137850950531241,4.350561767043303,0.090091698768064
2011-11-23,4.118581786586146,4.322515455250336,0.08430583855651541
2011-11-25,4.109397364848393,4.306818057076127,0.07921862440373673
2011-11-28,4.135326543943721,4.34381840878234,0.08626462845676919
2011-11-29,4.14962157771194,4.3605859164390335,0.08651798386695653
2011-11-30,4.194159730824298,4.414880971544829,0.08936091558491555
2011-12-01,4.186087781920742,4.405157052062736,0.08896201031969841
2011-12-02,4.186087781920742,4.403800357300362,0.0876053155573242
2011-12-05,4.1943256345854145,4.414856779264584,0.08914506513766263
2011-12-06,4.198914765665483,4.429720960536543,0.09870771228495823
2011-12-07,4.2021520815229785,4.4312690775022805,0.09651596211868707
2011-12-08,4.187106042303411,4.409289113060382,0.09191773922476898
2011-12-09,4.205349120265012,4.4286716424969255,0.09022518959626336
2011-12-12,4.1893516658004355,4.417273114860951,0.09730751362304702
2011-12-13,4.195335545361984,4.422592596420543,0.09571419597513575
2011-12-14,4.181698935937184,4.392348183745753,0.08122329936884043
2011-12-15,4.18912429833574,4.383737670017667,0.06403473209268551
2011-12-16,4.1907601913981205,4.395621306939653,0.0740285247842074
2011-12-19,4.182828465623474,4.384224218217369,0.07179445932887596
2011-12-20,4.213415656863115,4.42309659844722,0.07533138382532023
2011-12-21,4.227008912407272,4.439918113089659,0.07644946640725259
2011-12-22,4.240938187880631,4.448235634784217,0.06867537337880236
2011-12-23,4.251946422725591,4.4593116973834235,0.06703431553306594
2011-12-27,4.2526579943325995,4.463813973439329,0.0707145577244166
2011-12-28,4.239641880733614,4.4449192708355705,0.06685655143888258
2011-12-29,4.252558404783729,4.4591149825209815,0.06613061633997575
2011-12-30,4.246493239378686,4.449077621923491,0.06309995936579504
2012-01-03,4.261058845569595,4.485586780638353,0.08278239055419956
2012-01-04,4.261298641884934,4.483996408257599,0.08091499659211454
2012-01-05,4.258261680464939,4.474047319106825,0.07447431770953195
2012-01-06,4.250792601098042,4.466907618987667,0.07596317459877966
2012-01-09,4.255229657739738,4.477700384742164,0.08163008824999274
2012-01-10,4.25780887803471,4.47367101272057,0.07462110545454248
2012-01-11,4.250322143676454,4.461911637604986,0.07151068304701447
2012-01-12,4.246335769208221,4.435555553190487,0.04975980600364682
2012-01-13,4.247952237506216,4.44616273109949,0.05849957988915655
2012-01-17,4.257398348658398,4.452077279854267,0.05350163132256469
2012-01-18,4.266279026129569,4.453090693104886,0.044255757173872645
2012-01-19,4.272964833256631,4.454033293471421,0.037474665622132086
2012-01-20,4.2781927309286685,4.45370755678012,0.031109467990408035
2012-01-23,4.277998564249834,4.454823926833151,0.0324501465793583
2012-01-24,4.274678032970879,4.452065625453856,0.03352784586778146
2012-01-25,4.275151083039527,4.461519191041937,0.04243492650307701
2012-01-26,4.269977130865259,4.450864494147091,0.03775737071243679
2012-01-27,4.259025319951097,4.425888005606561,0.025432819603038226
2012-01-30,4.255116132643474,4.420586071539877,0.02464692344188979
2012-01-31,4.234323872275541,4.417803926049403,0.04588476690928811
2012-02-01,4.237145360853772,4.414566426241663,0.03938777903750079
2012-02-02,4.2319592734092595,4.423264542690126,0.054077055703632304
2012-02-03,4.248438097559501,4.440613888346951,0.05238945361532288
2012-02-06,4.258106052754404,4.451610997861788,0.05221778335742755
2012-02-07,4.2650011245225885,4.453102335564938,0.04574367888138209
2012-02-08,4.25858700561615,4.452496747835203,0.05254791877888909
2012-02-09,4.253383276122135,4.44877365278571,0.05483636469580144
2012-02-10,4.2406214679447825,4.43850148160186,0.05930710679209117
2012-02-13,4.2479808240448165,4.44886719159269,0.06117101615462062
2012-02-14,4.250963621663682,4.4499072211344615,0.05876520745654368
2012-02-15,4.244386814004816,4.443474446987793,0.05993020500706159
2012-02-16,4.25964711384646,4.457818010536731,0.05664450520493869
2012-02-17,4.262088152711225,4.4591149825209815,0.05512149871932337
2012-02-21,4.27311816580037,4.47538035640709,0.05864459312652315
2012-02-22,4.277152112013436,4.467010958578879,0.04561503128632438
2012-02-23,4.278317532459729,4.474776722054496,0.05203445791563954
2012-02-24,4.281985280493656,4.481690957786827,0.05471157533008775
2012-02-27,4.280713472973392,4.486510516200264,0.061000372876389264
2012-02-28,4.279675475246829,4.48630781806214,0.0619968081412301
2012-02-29,4.272351267864781,4.482064258847151,0.06621444445423208
2012-03-01,4.276124305595003,4.487725842968881,0.06751727570283261
2012-03-02,4.270340599478154,4.48630781806214,0.07278080222936278
2012-03-05,4.2781927309286685,4.483815780575916,0.06121769178620351
2012-03-06,4.264874649863024,4.479493577900089,0.07228102942566661
2012-03-07,4.264537305881414,4.485023108184756,0.07820027196719703
2012-03-08,4.252800247914074,4.490309127196322,0.09704537487751086
2012-03-09,4.246564808532411,4.486026224692367,0.09996588279862095
2012-03-12,4.2612704335380815,4.490017438089964,0.08696861375110565
2012-03-13,4.276457763978319,4.500675961658223,0.0800821709223154
2012-03-14,4.266756065129537,4.496091655961852,0.08670562691691153
2012-03-15,4.267555296788001,4.490309127196322,0.07999979614999564
2012-03-16,4.2716117002687835,4.49257243348461,0.07757699495920622
2012-03-19,4.277970823074993,4.496192023418346,0.07385029079677619
2012-03-20,4.273466561441981,4.481690957786827,0.06455271496260462
2012-03-21,4.266629812244842,4.470804159439272,0.06156398240092642
2012-03-22,4.25868599661512,4.44678388188916,0.04672069476594576
2012-03-23,4.2612704335380815,4.456333694151264,0.053284869812405766
2012-03-26,4.278414589550172,4.470220645409798,0.04736625732676991
2012-03-27,4.273703401165289,4.462707600156023,0.045295751315043375
2012-03-28,4.264874649863024,4.451925762053548,0.04471321357912572
2012-03-29,4.267443162450948,4.460918680590022,0.05073889128134912
2012-03-30,4.274998061915358,4.4643206523999615,0.04541316352896185
2012-04-02,4.278858159184015,4.474377895738068,0.05101107959198092
2012-04-03,4.264537305881414,4.463606621666305,0.056783785448745405
2012-04-04,4.254619308757319,4.449194508531926,0.0538293097808733
2012-04-05,4.252714898193542,4.441120673981586,0.04795552081979171
2012-04-09,4.241571326976535,4.428981782897584,0.048690095768207264
2012-04-10,4.220977213155467,4.409070140285121,0.05256953588680435
2012-04-11,4.227388335979865,4.40414276023859,0.0402357893979266
2012-04-12,4.238213999308034,4.420249253743091,0.04383607583292992
2012-04-13,4.230404006629197,4.402478560933781,0.035087775711432734
2012-04-16,4.243123698247448,4.409653961166002,0.027568917271848292
2012-04-17,4.2601414466837575,4.43026902979762,0.028524452870759553
2012-04-18,4.2636090227165395,4.428003320913906,0.022252871775744865
2012-04-19,4.258106052754404,4.41949099865624,0.02009778415187924
2012-04-20,4.258388994215704,4.419563238202607,0.01984315924696123
2012-04-23,4.262919285000661,4.418780365018183,0.013826726425197222
2012-04-24,4.270130922170761,4.424523226273448,0.011238437428942483
2012-04-25,4.276346623538366,4.432434537217727,0.01196914003274685
2012-04-26,4.267302976844976,4.455021487540131,0.04500364583349459
2012-04-27,4.267429144774658,4.454823926833151,0.04466033126309643
2012-04-30,4.270494334899797,4.458223495009335,0.04451887832581036
2012-05-01,4.278483910276404,4.474047319106825,0.051112849154428375
2012-05-02,4.268815942405426,4.4626153471058405,0.0508496715700506
2012-05-03,4.2623981472183505,4.452811233391842,0.04845963245879137
2012-05-04,4.249723059401614,4.431161977357593,0.04145310713349559
2012-05-07,4.248638088989106,4.427227029992756,0.038771557757471875
2012-05-08,4.243324755233419,4.4226526099836265,0.0403352976156528
2012-05-09,4.234758465937315,4.412301200113297,0.03987998228537126
2012-05-10,4.235959858539098,4.427764526347735,0.05395541530770842
2012-05-11,4.239094046108298,4.421163209672263,0.04373336911692949
2012-05-14,4.2272278281912445,4.413876499745933,0.05015495344507759
2012-05-15,4.223192085972381,4.403629111856296,0.044569804379817946
2012-05-16,4.227811369427696,4.404631704007575,0.04023602926623315
2012-05-17,4.224641563169959,4.405034902722801,0.044301105524454876
2012-05-18,4.219287092607649,4.3880832562564125,0.033535141687372594
2012-05-21,4.226220418535655,4.400541668671596,0.037983919301672664
2012-05-22,4.225138879136737,4.3968413528118955,0.03553303779686168
2012-05-23,4.226220418535655,4.393584583507611,0.031026834137687587
2012-05-24,4.233164031623592,4.404240568119538,0.03366129984072064
2012-05-25,4.2267169501267245,4.392187339436511,0.029055978389758153
2012-05-29,4.224890252068744,4.4060360871342334,0.045014995312933515
2012-05-30,4.198434270746482,4.379661339567597,0.04920317683555009
2012-05-31,4.183758606050239,4.386616087007689,0.07311179546209967
2012-06-01,4.174694914875759,4.367065269533722,0.06403168959312744
2012-06-04,4.173571552673403,4.368852738713093,0.06711690837830275
2012-06-05,4.170610917675551,4.3679023550033635,0.06958675982811346
2012-06-06,4.2032737027569524,4.4016331643128,0.06558431055453084
2012-06-07,4.20966530967418,4.4075238015724,0.06409112687027463
2012-06-08,4.211520005924464,4.412010104013142,0.06643481553725117
2012-06-11,4.20440899708441,4.402723469890101,0.06536308209335306
2012-06-12,4.216680182085889,4.411014885832593,0.05947837081255791
2012-06-13,4.208937329193505,4.404937172506984,0.062345487807770716
2012-06-14,4.227329972492046,4.4226526099836265,0.05881306280485088
2012-06-15,4.240535072368182,4.446033764648174,0.06693919720707164
2012-06-18,4.239209404657216,4.437662362037186,0.06009925501528457
2012-06-19,4.255555970619932,4.443439181290145,0.04699191607786446
2012-06-20,4.26134095291331,4.439280877255443,0.03615058632351964
2012-06-21,4.2271256734559195,4.403824818541527,0.0402212851729411
2012-06-22,4.2271256734559195,4.4080232746995565,0.044419741330970375
2012-06-25,4.216458944778477,4.394399770737023,0.04311883724526133
2012-06-26,4.230636723748046,4.413101277739257,0.045441649085450564
2012-06-27,4.240304647665635,4.429005635867876,0.050177263574047615
2012-06-28,4.239094046108298,4.437662362037186,0.06023252148185243
2012-06-29,4.268381899428358,4.457203678024437,0.04593942500509751
2012-07-02,4.265675386021114,4.460606734796738,0.05246914626725907
2012-07-03,4.276596672160234,4.47469696951519,0.05394270690480951
2012-07-05,4.268395903755695,4.462211639914947,0.05093120857819411
2012-07-06,4.259336265227234,4.453079050509285,0.052264649010806075
2012-07-09,4.245662662652958,4.447275840715101,0.06225769114096824
2012-07-10,4.239209404657216,4.441709636835055,0.06414652981315427
2012-07-11,4.254363703183726,4.450992839138604,0.055922925409315205
2012-07-12,4.2512628372935195,4.452706415861597,0.06121873721038895
2012-07-13,4.267218856047461,4.462027033760115,0.05210637151312714
2012-07-16,4.26227134289838,4.469327553075684,0.06512244118767097
2012-07-17,4.2702707119271945,4.475277878140933,0.061831598994434245
2012-07-18,4.275776834831171,4.479493577900089,0.05968642172464644
2012-07-19,4.27581853769825,4.488310473937244,0.06845514106580897
2012-07-20,4.272839361867429,4.491587068315919,0.07517338966069609
2012-07-23,4.264143594017165,4.480162364304445,0.07379435860865247
2012-07-24,4.2567043123848505,4.464712001292489,0.06693812915892661
2012-07-25,4.2645232474122405,4.462523085544248,0.05571649019075764
2012-07-26,4.27942619538735,4.483205921163485,0.05918288856520171
2012-07-27,4.290171728530209,4.492292598920977,0.05585592860988431
2012-07-30,4.291335769389378,4.497172863675761,0.05939145026848891
2012-07-31,4.28317268312119,4.495199057772582,0.06684794383993609
2012-08-01,4.2839313300074675,4.503602468568961,0.07437493766630698
2012-08-02,4.272030390611527,4.492191839305345,0.07671271419505388
2012-08-03,4.29119889371334,4.509000637031851,0.07137734747301305
2012-08-06,4.290171728530209,4.510694657765206,0.07425798745411338
2012-08-07,4.29544698265943,4.516623084923121,0.0740922457390143
2012-08-08,4.299541363034938,4.51811880819844,0.07085798922047193
2012-08-09,4.305105092757649,4.522625183517976,0.06893693798131473
2012-08-10,4.307841736484505,4.5306405865005175,0.07379086881328156
2012-08-13,4.3044298915220365,4.528375531009019,0.07546730293735315
2012-08-14,4.305105092757649,4.528656244887845,0.07496799935118403
2012-08-15,4.302861666674147,4.529950827242252,0.07885427057442751
2012-08-16,4.310436643589543,4.536655771450928,0.07680832100608193
2012-08-17,4.30739737282614,4.530748318420512,0.07441194608285961
2012-08-20,4.302252640893533,4.529562628479613,0.07916964094119106
2012-08-21,4.2966865875068665,4.5247949230241735,0.08083204642707376
2012-08-22,4.2997992506652265,4.526300123830306,0.07874138351419102
2012-08-23,4.294956165029224,4.51852237926242,0.07655855077600826
2012-08-24,4.30342975628527,4.52511997828643,0.0733671434677543
2012-08-27,4.299921384755038,4.5225274344614474,0.07482760032307656
2012-08-28,4.30398400883584,4.528051532431778,0.07565840454688555
2012-08-29,4.301738063445045,4.52320062312084,0.07340209450183988
2012-08-30,4.293700757744001,4.5155189640354445,0.07500542852320091
2012-08-31,4.294874338664724,4.526386685180718,0.084517385539991
2012-09-04,4.292799167605883,4.517911505694247,0.07843952048865077
2012-09-05,4.29520160395707,4.513964570920847,0.07171720229823197
2012-09-06,4.314055562400834,4.534157418741672,0.07012925930470804
2012-09-07,4.324424004537423,4.542560470175666,0.06655430251717664
2012-09-10,4.319526035561876,4.54216648640909,0.07181863384606135
2012-09-11,4.321081649046441,4.544166742427759,0.07202178757470712
2012-09-12,4.3202974968541605,4.5469688755793385,0.075729802370061
2012-09-13,4.338910343600253,4.564868889214566,0.07212756635063933
2012-09-14,4.3505746665241,4.570702957105844,0.06448657655824519
2012-09-17,4.34633468809389,4.569853840860524,0.06853564036997728
2012-09-18,4.343493684957098,4.568371337750993,0.07033516926502248
2012-09-19,4.331640823136028,4.565170769724226,0.08082746603617608
2012-09-20,4.342063646102352,4.5758237611928605,0.07943962653546333
2012-09-21,4.346438316379323,4.575432367724135,0.07399445200168131
2012-09-24,4.346010780469512,4.57522630961502,0.07428229920401552
2012-09-25,4.344467540267238,4.567956257894047,0.06879505569927336
2012-09-26,4.338871190609939,4.562554917846743,0.06985882596676873
2012-09-27,4.345142190318127,4.570361326281209,0.07042074337043669
2012-09-28,4.341269742201109,4.564868889214566,0.06940190173616756
2012-10-01,4.345129220570064,4.570702957105844,0.07077735732820756
2012-10-02,4.344259864033738,4.576822150472603,0.07790086355145576
2012-10-03,4.344039160768381,4.561249645929954,0.06258332359192753
2012-10-04,4.349710033197338,4.569947071778035,0.06472954766037198
2012-10-05,4.3532798776343675,4.572915553258663,0.0635740126828841
2012-10-08,4.354681131278401,4.573813668824945,0.06285334816170796
2012-10-09,4.348702502466384,4.571706469483084,0.06765288216709564
2012-10-10,4.336676172939356,4.5289476720735875,0.03878734587164612
2012-10-11,4.3382314746742106,4.534457980149703,0.04250091180254678
2012-10-12,4.336676172939356,4.525715638647684,0.035555312445742615
2012-10-15,4.34195956346064,4.532158535730766,0.035894641194469834
2012-10-16,4.351425664564007,4.543358610020204,0.03615912503085372
2012-10-17,4.362295754803794,4.552876391266957,0.033119375595014766
2012-10-18,4.3632387423599726,4.5484622588990415,0.02761586909047331
2012-10-19,4.3489867805956814,4.537244601890133,0.03286260595450141
2012-10-22,4.349387217206105,4.5314805878422195,0.026635992709074685
2012-10-23,4.327346030878557,4.5012863572690085,0.021904556600607528
2012-10-24,4.32401344385145,4.504410182836943,0.02887831008286046
2012-10-25,4.330101561808962,4.515814244471981,0.033249152456214404
2012-10-26,4.332219078136305,4.5175186041110384,0.03250727883824123
2012-10-31,4.338140053267171,4.509000637031851,0.017149182078752823
2012-11-01,4.342947911439555,4.520004377615784,0.022598706903162125
2012-11-02,4.328322541908913,4.492023884048231,0.011513981684712071
2012-11-05,4.332324179493522,4.499487396183308,0.014354653931541783
2012-11-06,4.34306488798589,4.510089979737821,0.01254917338811179
2012-11-07,4.311121221158108,4.484109283992822,0.023470984196016786
2012-11-08,4.298495558043353,4.468708790809606,0.02265612447619958
2012-11-09,4.300097774332229,4.46843366241462,0.02053005650630091
2012-11-12,4.301345181379122,4.46922445261565,0.019879795904669706
2012-11-13,4.291554731509806,4.4630188913830064,0.024984524827695864
2012-11-14,4.286905187058517,4.444884056054749,0.01222101538718956
2012-11-15,4.287729691372035,4.436254369376977,0.002638830801254599
2012-11-16,4.291322082664816,4.443921038211472,0.006155436215128596
2012-11-19,4.305321060903187,4.4628113746656375,0.008873634731576985
2012-11-20,4.303402711715818,4.455160918661383,0.0034393267305947717
2012-11-21,4.309200532880869,4.460421832101255,0.002002382510940315
2012-11-23,4.321400450356226,4.473363020315282,0.000849774386355584
2012-11-26,4.316087132620682,4.468903627634382,0.0025285230657017266
2012-11-27,4.301697427629986,4.45343990795705,0.003688323336045407
2012-11-28,4.310235208024741,4.474469070063441,0.014854325440695426
2012-11-29,4.310450071184593,4.476484178360046,0.01662121586027432
2012-11-30,4.310664888188185,4.475482824172529,0.015371697117151584
2012-12-03,4.304646005523013,4.465689703999241,0.012531813032574668
2012-12-04,4.299921384755038,4.459033971034666,0.011334136896294922
2012-12-05,4.306009148249966,4.47062113286559,0.01588848895383599
2012-12-06,4.309079526917817,4.482821744708776,0.02454208568691918
2012-12-07,4.315860122410925,4.487725842968881,0.021612988998991334
2012-12-10,4.313761177128677,4.487410900049682,0.02372282537798398
2012-12-11,4.32025760827625,4.494774794365635,0.02358180191833359
2012-12-12,4.325443055584776,4.497885598267991,0.02070218511181121
2012-12-13,4.315673134123861,4.496192023418346,0.03029518524044139
2012-12-14,4.310006865321649,4.495589667519355,0.03623871284103242
2012-12-17,4.318927077730565,4.503491771955058,0.03383585765365904
2012-12-18,4.326646051321076,4.516426400153537,0.03785324178491134
2012-12-19,4.31410907768615,4.514774908240704,0.05068492596487584
2012-12-20,4.319153392855371,4.518827676166027,0.048910314253705955
2012-12-21,4.300314826493428,4.512890409868795,0.06473605726805154
2012-12-24,4.296741040391521,4.502993485496479,0.058967702911045805
2012-12-26,4.298495558043353,4.501364017262502,0.055311350929096115
2012-12-27,4.296046543907582,4.501985080187265,0.05876160565205435
2012-12-28,4.275554390163365,4.482821744708776,0.06327156484903362
2012-12-31,4.292484786012387,4.498386435790077,0.059277635840470744
2013-01-02,4.317141386766864,4.518914886736003,0.05132186874656153
2013-01-03,4.315352501405889,4.514917197010529,0.04939076561904088
2013-01-04,4.3199517429742835,4.520004377615784,0.0491647320892028
2013-01-07,4.308285902771511,4.5132741712835545,0.05591133625743705
2013-01-08,4.314496977880283,4.508714350170462,0.04417625122934776
2013-01-09,4.310664888188185,4.511298970378021,0.05118784332264337
2013-01-10,4.321466854505182,4.5197430080377154,0.04715304957746813
2013-01-11,4.327240404978989,4.531060675371648,0.051800897652959144
2013-01-14,4.326870626445701,4.541068902581504,0.0622363067145848
2013-01-15,4.32631570213899,4.546364533842812,0.06817300707967533
2013-01-16,4.325681125631398,4.5509779569046644,0.0735195164166873
2013-01-17,4.333768204109076,4.5577850343261606,0.07098410137714772
2013-01-18,4.340383991013215,4.5621582953948,0.06771456048135427
2013-01-22,4.34175136567199,4.567862841177577,0.071839464434726
2013-01-23,4.339249605317823,4.560068212075671,0.06693496151530187
2013-01-24,4.346464221772828,4.56435860808025,0.06289076548813632
2013-01-25,4.350652059914743,4.570361326281209,0.0640555380234451
2013-01-28,4.343805421853684,4.5688588365289355,0.07046253803875757
2013-01-29,4.35094867910302,4.579021263493029,0.07237280976739235
2013-01-30,4.33893644474218,4.572533351461794,0.07976187559238479
2013-01-31,4.331233215327982,4.561249645929954,0.07737722587240814
2013-02-01,4.332035124176834,4.5730188259710065,0.08822001112262079
2013-02-04,4.322024475337474,4.561761515571069,0.08852737288085777
2013-02-05,4.328691784043635,4.566959362724312,0.08602289817650544
2013-02-06,4.329205858490299,4.567862841177577,0.08633249879667915
2013-02-07,4.31831443870228,4.560162359751601,0.0912141887370872
2013-02-08,4.3223827817463665,4.565462154114328,0.09181408259517543
2013-02-11,4.318620805132244,4.565462154114328,0.09616005725747723
2013-02-12,4.32068300443283,4.5730188259710065,0.10133440013440698
2013-02-13,4.323019454093849,4.572326695058327,0.09794311607217931
2013-02-14,4.321334041797467,4.573813668824945,0.10137714052170566
2013-02-15,4.3195393416620576,4.567374856492689,0.09701163223010667
2013-02-19,4.33036485134999,4.5756280836071035,0.09275882976591276
2013-02-20,4.32639499589597,4.567655217225332,0.08937208737848135
2013-02-21,4.322157196384573,4.567655217225332,0.09426775026785084
2013-02-22,4.3289949881220755,4.57601940049639,0.09473266337180775
2013-02-25,4.3120466690268895,4.554886907678323,0.09317949624113453
2013-02-26,4.321241062405617,4.567374856492689,0.09504574142524191
2013-02-27,4.33271821123131,4.582044844586354,0.09645690228306769
2013-02-28,4.332915168892614,4.586150452150837,0.10033497706535233
2013-03-01,4.331588237915092,4.5840486893659795,0.09976613407199064
2013-03-04,4.326196749713211,4.589142424910894,0.11108831639392758
2013-03-05,4.333584534923001,4.59287490789394,0.10628615638856864
2013-03-06,4.3330333248717725,4.59747062026165,0.11151864701461545
2013-03-07,4.323483438936497,4.598266409671297,0.12334681821705828
2013-03-08,4.32639499589597,4.598266409671297,0.11998327982444579
2013-03-11,4.328573113939792,4.599564503467257,0.11876513101687092
2013-03-12,4.328573113939792,4.5955742923146445,0.11477491986425825
2013-03-13,4.329653810435182,4.596472470284896,0.11442463723298246
2013-03-14,4.336048139057221,4.610356712675391,0.12092191446545808
2013-03-15,4.330904378290077,4.607467545036775,0.12397500969977493
2013-03-18,4.3241723905648985,4.603067977896221,0.1273524840141631
2013-03-19,4.322024475337474,4.605770006060059,0.13253586336984746
2013-03-20,4.3225950509044555,4.61323755706585,0.1393442643565459
2013-03-21,4.31738144118035,4.613138355637268,0.14526801790196053
2013-03-22,4.330022561427086,4.620058798481842,0.13758497063200803
2013-03-25,4.326989498743973,4.611847840741332,0.13287791919450243
2013-03-26,4.339380059952409,4.618382517460226,0.12509856087623028
2013-03-27,4.344363707541666,4.611947170267115,0.11290591948106687
2013-03-28,4.339158276946601,4.600358628990869,0.1073308843461378
2013-04-01,4.346464221772828,4.606968567929471,0.10550072533735744
2013-04-02,4.344363707541666,4.601965055039143,0.10292380425309489
2013-04-03,4.337160013333775,4.591669459934237,0.10095018339569695
2013-04-04,4.335367323623547,4.593967671480098,0.10531937646461476
2013-04-05,4.326857417540257,4.58934563564112,0.11052829919079699
2013-04-08,4.3222766302681075,4.591963358500809,0.11843791709933171
2013-04-09,4.3241723905648985,4.5989609485103475,0.12324545462828951
2013-04-10,4.323138785045125,4.607168188650764,0.13264675413177685
2013-04-11,4.329205858490299,4.618086411254637,0.13655606887373928
2013-04-12,4.326646051321076,4.609759638321899,0.13118647995327315
2013-04-15,4.298155775636735,4.581246277868718,0.1355861407510215
2013-04-16,4.299527788159318,4.585049107991869,0.13780397121279186
2013-04-17,4.293373000827445,4.5660654661073306,0.12593056751946285
2013-04-18,4.299649955406431,4.572915553258663,0.12552928435278776
2013-04-19,4.309187088496924,4.5755353808584,0.1171314627181621
2013-04-22,4.316474266433646,4.581246277868718,0.11442394198665262
2013-04-23,4.330141059659626,4.589040804058207,0.10643008266304577
2013-04-24,4.331588237915092,4.595776200346222,0.11149364505223325
2013-04-25,4.316220643969345,4.597772893357616,0.13124355153604128
2013-04-26,4.3154861108656375,4.610655116218661,0.14497433423271922
2013-04-29,4.317821391326431,4.621338767149675,0.15296018271757283
2013-04-30,4.326646051321076,4.626735963902652,0.14816280553402628
2013-05-01,4.309872521724262,4.612642200826793,0.15344644484590297
2013-05-02,4.3225950509044555,4.627029520340985,0.15313622763168055
2013-05-03,4.338140053267171,4.638991734463602,0.1471402795105039
2013-05-06,4.344363707541666,4.6368626327205815,0.13782138193453353
2013-05-07,4.350652059914743,4.635311342900078,0.12900555464231367
2013-05-08,4.356619079072651,4.637734176861354,0.12453506715858609
2013-05-09,4.35619587463936,4.640151154883337,0.12744094660997884
2013-05-10,4.3463994570307305,4.636668853047462,0.13527582908317193
2013-05-13,4.3459459863527945,4.633757642840004,0.13288848499146955
2013-05-14,4.35709336812867,4.651099117876491,0.13735209189685804
2013-05-15,4.358502089626924,4.643236386794547,0.12786195358578123
2013-05-16,4.352559203257896,4.641116312761561,0.13260732190662772
2013-05-17,4.3642062913539625,4.646312129319266,0.12434799109178662
2013-05-20,4.372455981733932,4.657383057435026,0.12588857145669063
2013-05-21,4.375442506796866,4.666547465662995,0.13160283536342288
2013-05-22,4.368865404396058,4.658521361485086,0.13117484337950458
2013-05-23,4.364511638752613,4.662495252607361,0.14017836576024578
2013-05-24,4.361683611390088,4.66287289611638,0.1438230511790115
2013-05-28,4.3709277695076185,4.670583324536324,0.14085428590001747
2013-05-29,4.367661447669105,4.663156035186745,0.1372003724655908
2013-05-30,4.367775568904022,4.660037087428932,0.13394958763215303
2013-05-31,4.350019838538795,4.641019838881789,0.13544441616391545
2013-06-03,4.36090513805177,4.651862913980073,0.13371239026413662
2013-06-04,4.3535628576733005,4.64285125295578,0.1331828033624065
2013-06-05,4.340918140783268,4.631422557132157,0.1363617526288019
2013-06-06,4.347383428730308,4.62320654847419,0.12067680397348468
2013-06-07,4.360815766271489,4.632493481636982,0.11444620351038903
2013-06-10,4.357208701731243,4.640537329825382,0.12665706619812145
2013-06-11,4.3499036727830385,4.63035048451839,0.12490926078231013
2013-06-12,4.341933541107437,4.6179876896987055,0.12175385714824127
2013-06-13,4.359487015229548,4.6321041872281725,0.11559193149887648
2013-06-14,4.351232319500471,4.6207482159514095,0.11377209033756852
2013-06-17,4.3614667207085205,4.628398312107299,0.10959902731510596
2013-06-18,4.365998873596684,4.631032845513819,0.10699784991372585
2013-06-19,4.3559008080227235,4.622420539394619,0.11005120300089555
2013-06-20,4.334214117451896,4.601162164590552,0.1138460960390999
2013-06-21,4.339040842497723,4.609261803891345,0.1163697238696706
2013-06-24,4.327768422943867,4.591568095569806,0.1116983319495608
2013-06-25,4.334882614865064,4.59677504519971,0.10868670368714106
2013-06-26,4.34260990231009,4.602867536925416,0.10585234687308542
2013-06-27,4.345271878547805,4.607367769531579,0.10727736597650495
2013-06-28,4.355477299440345,4.604369865817322,0.09248978221729587
2013-07-01,4.348159565162304,4.610655116218661,0.10722875017722444
2013-07-02,4.3519281868498485,4.611251656303959,0.10347163896538891
2013-07-03,4.352456207364766,4.610655116218661,0.10226511003263283
2013-07-05,4.362130002959425,4.622518824322705,0.10295329131791942
2013-07-08,4.3695364561365375,4.628593700931679,0.10047195901150374
2013-07-09,4.38125133420613,4.6450637496497675,0.10340854686987466
2013-07-10,4.3756689674691644,4.642273273939594,0.10706702788725053
2013-07-11,4.380538027247423,4.649282760606412,0.10845159643360436
2013-07-12,4.381914128345282,4.6515765588022475,0.10915567169453055
2013-07-15,4.380300145148181,4.656528478263233,0.11597212429845172
2013-07-16,4.380825914097363,4.652149187182086,0.11098544546194589
2013-07-17,4.382551496909597,4.653960350157523,0.11080315128735041
2013-07-18,4.392348183745753,4.662967284714308,0.10849259051346305
2013-07-19,4.400676637168926,4.674229721919586,0.110133689984373
2013-07-22,4.397099959171359,4.675162557808126,0.11519843671315844
2013-07-23,4.40098331602337,4.67702562308852,0.11257530438664531
2013-07-24,4.39879771067408,4.6701148746284735,0.10818944814260778
2013-07-25,4.3985764282184165,4.681019498271529,0.1193497054708681
2013-07-26,4.396681229639883,4.679442430362679,0.11996204112487341
2013-07-29,4.388642203462876,4.668426635623106,0.11823322704958628
2013-07-30,4.386280075953497,4.665229942415754,0.11776535099286356
2013-07-31,4.385657534970196,4.666077120891613,0.11933171186063518
2013-08-01,4.3746998592874204,4.670583324536324,0.1364966281343083
2013-08-02,4.366252880557841,4.658710952916121,0.13438251907053367
2013-08-05,4.362334001328145,4.651003602331263,0.13120240285840978
2013-08-06,4.361032798169646,4.644102395989878,0.125804394579478
2013-08-07,4.359602073110181,4.645640118541804,0.12899494368907405
2013-08-08,4.364422588725521,4.643621372362344,0.12140735940337688
2013-08-09,4.359678771009974,4.638895055389712,0.1221612762835953
2013-08-12,4.350510167456089,4.633271616098966,0.12712974726264825
2013-08-13,4.345038427623316,4.638895055389712,0.13907434298553767
2013-08-14,4.339979932171538,4.635311342900078,0.14133439171979312
2013-08-15,4.331049079909014,4.628593700931679,0.1449340009272735
2013-08-16,4.328190636669446,4.625560875635825,0.14520335508839644
2013-08-19,4.316914615784574,4.615318517039906,0.14798747328482698
2013-08-20,4.315846767264185,4.612344389736092,0.14624696412615545
2013-08-21,4.311107802572024,4.607068383271171,0.14644558512179984
2013-08-22,4.317581442514359,4.612344389736092,0.14424300305519377
2013-08-23,4.323774976401126,4.622617099591812,0.14736071326499633
2013-08-26,4.318833874260665,4.616703421801764,0.14715517959941593
2013-08-27,4.31576663263797,4.616505695651837,0.1505008445288869
2013-08-28,4.338740669569762,4.641598542601643,0.14905323345949295
2013-08-29,4.320922210270592,4.629570072811626,0.15760930753525315
2013-08-30,4.326408210910869,4.630155438682,0.15185704236068442
2013-09-03,4.319526035561876,4.631130287657623,0.16078243509459433
2013-09-04,4.326500711125668,4.633757642840004,0.15535238684596475
2013-09-05,4.321812085016365,4.637734176861354,0.164745395333302
2013-09-06,4.320696295147272,4.6363781131122845,0.1646783333503059
2013-09-09,4.329666982455177,4.64477544058045,0.16271239072337718
2013-09-10,4.32721399676075,4.651290121601645,0.17206085163436402
2013-09-11,4.338740669569762,4.658710952916121,0.16616564377397136
2013-09-12,4.329008168822894,4.658426552288523,0.17712458833037203
2013-09-13,4.333768204109076,4.6605102810212555,0.1737093480722427
2013-09-16,4.336806963700482,4.659942421835071,0.1696310013036797
2013-09-17,4.3398625941793165,4.662211926355289,0.16837052836775968
2013-09-18,4.347008080072302,4.673856343776539,0.17176021594189628
2013-09-19,4.343675543289958,4.6709579265260945,0.17271166856115805
2013-09-20,4.336702332460114,4.666641508076192,0.17645096142738037
2013-09-23,4.326381780706431,4.671706709788335,0.19343884661769728
2013-09-24,4.321931560122541,4.663344750039164,0.19021794644519296
2013-09-25,4.319406272692214,4.659847747278787,0.1896382492167099
2013-09-26,4.318594168298829,4.655102554736301,0.1858312297355713
2013-09-27,4.316674449267969,4.648325456302019,0.18127186179847943
2013-09-30,4.313493478930025,4.638991734463602,0.17561291466183526
2013-10-01,4.306251889610239,4.637346917683312,0.18233384996528645
2013-10-02,4.307195324050878,4.6334660551429385,0.1773630970308142
2013-10-03,4.300423334909718,4.611947170267115,0.16366746472662186
2013-10-04,4.3099665641374605,4.610754564281992,0.15145016702369318
2013-10-07,4.305064593537253,4.608564419056107,0.15492295971822756
2013-10-08,4.30053183155321,4.5989609485103475,0.15055590363047955
2013-10-09,4.296427895804662,4.593674361474607,0.15001033510930029
2013-10-10,4.30669676245809,4.595776200346222,0.1402491990440673
2013-10-11,4.317221411307766,4.606868742623673,0.13918327732187663
2013-10-14,4.324662317284311,4.614625344758847,0.13834386939222565
2013-10-15,4.315419308367199,4.610953430743819,0.14534982147726705
2013-10-16,4.3213606057501845,4.619566066271823,0.14709885030694192
2013-10-17,4.3233111268391,4.622518824322705,0.14779829418279977
2013-10-18,4.32411941113415,4.623697490601975,0.14804320051974607
2013-10-21,4.3204437413619425,4.625168872494781,0.15376085221578073
2013-10-22,4.329008168822894,4.631909483177713,0.1506075192195624
2013-10-23,4.3247946887187485,4.627616374817921,0.1511819790695208
2013-10-24,4.334004300647424,4.631227720307381,0.1441540398963923
2013-10-25,4.328915900268611,4.6315199613108735,0.15032458940263993
2013-10-28,4.3318642794808175,4.6341462942246086,0.14954484549415348
2013-10-29,4.339771321776768,4.638991734463602,0.1452557777346275
2013-10-30,4.3383881776440525,4.628886712605407,0.13674861518595804
2013-10-31,4.354282809364787,4.6260506635674465,0.1155504991256775
2013-11-01,4.349697122558326,4.609859175474223,0.10465656620473052
2013-11-04,4.374775407959689,4.610655116218661,0.07648114319344401
2013-11-05,4.373603761662798,4.6135351023197195,0.08071465847391046
2013-11-06,4.386864911314131,4.635796379529852,0.08765616464630632
2013-11-07,4.380024632003209,4.6257568195964796,0.08551874861694753
2013-11-08,4.388368979417461,4.636184239517261,0.08630646947643328
2013-11-11,4.390850093221115,4.635408369048701,0.08266432448493077
2013-11-12,4.387710451142179,4.626344421219498,0.07722740742261891
2013-11-13,4.386864911314131,4.627225176768922,0.07908496188537661
2013-11-14,4.393658718903589,4.6313251434649425,0.07533647053051684
2013-11-15,4.415388874280283,4.635311342900078,0.05421918997046937
2013-11-18,4.417285181881182,4.639668226395659,0.05638538871950072
2013-11-19,4.416983462682914,4.6520537718869415,0.06911949139901008
2013-11-20,4.409167467438257,4.651481088851342,0.0775761354374902
2013-11-21,4.409289113060382,4.663344750039164,0.08929926709901181
2013-11-22,4.41267707387264,4.667957174086856,0.0899977933857059
2013-11-25,4.413501076633626,4.665512414994253,0.08660111579699414
2013-11-26,4.404839432739038,4.657667754945845,0.08876270745106485
2013-11-27,4.399829715188549,4.654817125877505,0.0916994895691694
2013-11-29,4.396447157335112,4.6549122778829055,0.09570229763750682
2013-12-02,4.396853668917051,4.654055583717902,0.0943759862429836
2013-12-03,4.406121507677926,4.655673168161198,0.08528702023143442
2013-12-04,4.409057973724912,4.649665425874643,0.07588696365217373
2013-12-05,4.403372188693259,4.643910014304022,0.07669998145192469
2013-12-06,4.419370587814303,4.65386510752685,0.06817313170987038
2013-12-09,4.421343497050832,4.662495252607361,0.07452409899837065
2013-12-10,4.419984531579487,4.664947390023952,0.078546163639718
2013-12-11,4.404729464079995,4.6523399904644815,0.08356198283594019
2013-12-12,4.416331438365872,4.643236386794547,0.06105534893721565
2013-12-13,4.415824014257172,4.6340491455384685,0.05245430279760033
2013-12-16,4.435650336551339,4.636571949127623,0.0320730048531086
2013-12-17,4.430828703534357,4.624286303180321,0.025357487875789175
2013-12-18,4.459242273027018,4.648133885420207,0.0163806626972276
2013-12-19,4.45814241126716,4.661455996998683,0.030973375300289874
2013-12-20,4.450561067760672,4.657667754945845,0.03594338194621027
2013-12-23,4.448832115565398,4.657857508267098,0.038130484853525104
2013-12-24,4.4560087060452895,4.66362775555966,0.035610069128609645
2013-12-26,4.472758166631485,4.674229721919586,0.026862438512958775
2013-12-27,4.478869729871917,4.6775838664971365,0.023156278969994837
2013-12-30,4.466919101691844,4.669552444917359,0.028930665505612296
2013-12-31,4.475778783195747,4.674882798399391,0.024025986907041386
