Date,Open,High,Low,Close,Volume,OpenInt,Daily Return,MA-5,MA-10,MA-20,EMA,BB_upper,BB_lower,Volatility-10,RSI,Volume MA-20,High-Low,Close-Open,ROC-10,Log Returns
2017-01-31,24.335,24.344,24.335,24.344,241,0,,,,,24.344,,,,,,0.0369837682350537,0.0369837682350537,,
2017-02-01,24.447,24.447,24.379,24.379,683,0,0.1437725928360222,,,,24.347333333333335,,,,,,0.2789285860781731,-0.2781527385773217,,0.0014366933899906
2017-02-02,24.379,24.379,24.379,24.379,0,0,0.0,,,,24.350349206349208,,,,,,0.0,0.0,,0.0
2017-02-03,24.664,24.664,24.6,24.635,3971,0,1.0500840887649243,,,,24.37745880574452,,,,,,0.2601626016260164,-0.1175802789490752,,0.0104460900112658
2017-02-06,24.6,24.6,24.563,24.563,1152,0,-0.2922670996549747,24.46,,,24.395129395673617,,,,,,0.1506330659935781,-0.1504065040650511,,-0.0029269503395351
2017-02-07,24.585,24.585,24.537,24.547,4364,0,-0.0651386231323436,24.5006,,,24.409593262752317,,,,,,0.195622936789346,-0.1545657921496858,,-0.0006515984755082
2017-02-08,24.665,24.665,24.645,24.645,650,0,0.3992341222959883,24.553800000000003,,,24.432012952014,,,,,,0.081152363562587,-0.0810865599026944,,0.0039843929764579
2017-02-09,24.654,24.654,24.633,24.633,713,0,-0.0486914181375586,24.6046,,,24.451154575631715,,,,,,0.0852514919011115,-0.0851788756388448,,-0.0004870327625797
2017-02-10,24.633,24.633,24.633,24.633,0,0,0.0,24.6042,,,24.468473187476313,,,,,,0.0,0.0,,0.0
2017-02-13,24.762,24.762,24.712,24.712,746,0,0.3207079933422729,24.634,24.547,,24.491666217240475,,,,,,0.2023308514082256,-0.2019223002988478,,0.0032019482215192
2017-02-14,24.928,24.928,24.762,24.762,4027,0,0.2023308514082167,24.677,24.5888,,24.517412291789,,,0.3691039090338281,,,0.6703820369921669,-0.6659178433889616,1.7170555372987062,0.0020212643822191
2017-02-15,24.762,24.762,24.762,24.762,0,0,0.0,24.7004,24.6271,,24.540706359237667,,,0.3730613307002291,,,0.0,0.0,1.5710242421756335,0.0
2017-02-16,24.762,24.762,24.762,24.762,0,0,0.0,24.7262,24.6654,,24.561781944072177,,,0.3730613307002291,,,0.0,0.0,1.5710242421756335,0.0
2017-02-17,24.762,24.762,24.762,24.762,0,0,0.0,24.752,24.6781,,24.580850330351016,,,0.2023664109282886,83.81877022653704,,0.0,0.0,0.5155266896691657,0.0
2017-02-21,24.762,24.762,24.762,24.762,0,0,0.0,24.762,24.698,,24.598102679841396,,,0.1648012853343399,83.81877022653704,,0.0,0.0,0.8101616252086608,0.0
2017-02-22,24.762,24.762,24.762,24.762,0,0,0.0,24.762,24.7195,,24.61371194842793,,,0.1595952020900536,82.84734133790718,,0.0,0.0,0.8758707785065489,0.0
2017-02-23,24.762,24.762,24.762,24.762,0,0,0.0,24.762,24.7312,,24.627834620006222,,,0.1172185501588175,82.84734133790718,,0.0,0.0,0.4747413268411549,0.0
2017-02-24,24.818,24.818,24.818,24.818,388,0,0.2261529763347036,24.773200000000003,24.7497,,24.64594560857706,,,0.1241896939059811,73.89033942558729,,0.0,0.0,0.7510250477002378,0.002258976353928
2017-02-27,24.85,24.85,24.85,24.85,572,0,0.1289386735433995,24.7908,24.7714,,24.66537936014115,,,0.1222249402198495,91.83673469387791,,0.0,0.0,0.8809320829781253,0.0012885561902099
2017-02-28,24.838,24.86,24.838,24.857,1376,0,0.0281690140844892,24.809800000000003,24.7859,24.66645,24.683628944889612,24.976572878872236,24.35632712112777,0.0914147293862272,96.40718562874235,944.15,0.0885739592559725,0.0764956920847022,0.5867594690838418,0.0002816504736262
2017-03-01,24.948,24.948,24.948,24.948,3768,0,0.3660940580118232,24.847,24.8045,24.69665,24.70880714061441,24.991836845377996,24.401463154622,0.1275562851675454,96.33027522935768,1120.5,0.0,0.0,0.7511509571117125,0.0036542556476119
2017-03-02,24.82,24.87,24.82,24.87,205,0,-0.3126503126503088,24.8686,24.8153,24.7212,24.724158841508277,24.985172566357715,24.457227433642284,0.1767823039139938,80.15267175572538,1096.6,0.2014504431909778,0.2014504431909778,0.4361521686454983,-0.0031314008485628
2017-03-03,24.835,24.835,24.81,24.81,307,0,-0.2412545235223273,24.867,24.820100000000004,24.742749999999997,24.73233418993606,24.954252768427832,24.531247231572163,0.1985286433967432,69.53642384105943,1111.95,0.1007658202337853,-0.1006643849406165,0.1938454082868856,-0.0024154601116037
2017-03-06,24.81,24.832,24.81,24.832,378,0,0.0886739218057375,24.8634,24.8271,24.752599999999997,24.741826171846913,24.96130467676904,24.543895323230956,0.1995364340526491,65.15151515151511,932.3,0.0886739218057316,0.0886739218057316,0.282691220418374,0.0008863462970987
2017-03-07,24.828,24.828,24.81,24.81,1160,0,-0.0885953608247502,24.854,24.8319,24.76495,24.7483189173853,24.95479478424563,24.57510521575437,0.202877010100127,56.52173913043444,932.7,0.0725513905683219,-0.0724987916868079,0.1938454082868856,-0.0008863462970986
2017-03-08,24.615,24.615,24.615,24.615,169,0,-0.7859733978234584,24.7874,24.8172,24.76835,24.73562187763432,24.94363716288905,24.593062837110953,0.3261128854416723,36.94493783303726,722.95,0.0,0.0,-0.5936515628786165,-0.0078907844935457
2017-03-09,24.615,24.615,24.615,24.615,0,0,0.0,24.7364,24.8025,24.76685,24.724134079764383,24.94702684295394,24.586673157046057,0.3261128854416723,36.94493783303726,690.45,0.0,0.0,-0.5936515628786165,0.0
2017-03-10,24.615,24.615,24.615,24.615,0,0,0.0,24.6974,24.7822,24.76595,24.71374035788206,24.94909730913151,24.58280269086849,0.3116587635854245,36.94493783303726,654.8,0.0,0.0,-0.8179547102909246,0.0
2017-03-13,24.615,24.615,24.615,24.615,0,0,0.0,24.654,24.758699999999997,24.76505,24.70433651427424,24.95110203007424,24.57899796992577,0.3045643069976996,36.94493783303726,654.8,0.0,0.0,-0.9456740442656096,0.0
2017-03-14,24.555,24.555,24.555,24.555,721,0,-0.2437538086532575,24.603,24.7285,24.757199999999997,24.690113989105267,24.96468986024688,24.549710139753117,0.3045288494441632,33.386837881219975,653.55,0.0,0.0,-1.214949511204089,-0.0024405137189559
2017-03-15,24.772,24.772,24.772,24.772,102,0,0.8837304011402924,24.6344,24.7109,24.7577,24.697912656809528,24.965286735201424,24.550113264798576,0.4191049264408778,50.595238095237974,457.3,0.0,0.0,-0.7054673721340499,0.0087984835846065
2017-03-16,24.772,24.772,24.772,24.772,0,0,0.0,24.665799999999997,24.701099999999997,24.7582,24.70496859425624,24.96587849646688,24.55052150353312,0.4105653548581454,47.06632653061206,457.3,0.0,0.0,-0.394049055086465,0.0
2017-03-17,24.772,24.772,24.772,24.772,0,0,0.0,24.6972,24.6973,24.758699999999997,24.711352537660407,24.966465150818763,24.550934849181232,0.4043832769626146,44.813829787233864,457.3,0.0,0.0,-0.1531640467553385,0.0
2017-03-20,24.85,24.85,24.849,24.85,6070,0,0.3148716292588505,24.7442,24.6991,24.7631,24.724557057883224,24.97484851021661,24.551351489783386,0.4169330248467797,49.57472660996368,760.8,0.0040243068131563,0.0,0.0724871134020643,0.0031437694668233
2017-03-21,24.762,24.762,24.762,24.762,1554,0,-0.3541247484909471,24.7856,24.6943,24.7631,24.728123052370535,24.97484851021661,24.551351489783386,0.4319550195422023,38.65853658536596,838.5,0.0,0.0,-0.1934703748488475,-0.0035475325441379
2017-03-22,24.752,24.752,24.722,24.722,1568,0,-0.1615378402390677,24.7756,24.705,24.7611,24.72753990452572,24.973646366458578,24.54855363354142,0.3450845135362251,40.537084398977086,916.9,0.1213494053879038,-0.1212023270846702,0.4346942920983254,-0.0016166845328682
2017-03-23,24.713,24.713,24.713,24.713,1058,0,-0.0364048216163759,24.7638,24.7148,24.758649999999996,24.726155151713748,24.97227956132916,24.545020438670832,0.3457906187599192,43.36525307797558,969.8,0.0,0.0,0.3981312208003462,-0.0003641144978025
2017-03-24,24.82,24.82,24.8,24.8,504,0,0.3520414356816159,24.7694,24.733300000000003,24.75775,24.733187994407675,24.97047653559764,24.545023464402355,0.3589059171631333,47.98994974874372,975.6,0.0806451612903208,-0.0805801772763882,0.7515742433475525,0.0035142322031075
2017-03-27,24.757,24.757,24.757,24.757,203,0,-0.1733870967741912,24.7508,24.7475,24.753099999999996,24.735455804464088,24.96135480344496,24.54484519655503,0.3670533083850638,46.75642594859258,957.15,0.0,0.0,0.5768840138127285,-0.0017353758617879
2017-03-28,24.757,24.757,24.757,24.757,0,0,0.0,24.7498,24.7677,24.7481,24.737507632610367,24.95057302614372,24.54562697385628,0.3525857284464592,61.4147909967848,888.35,0.0,0.0,0.8226430462227707,0.0
2017-03-29,24.933,24.933,24.933,24.933,148,0,0.7109100456436535,24.792,24.783800000000003,24.74735,24.756125953314143,24.946793726399218,24.547906273600784,0.3106979842145822,69.92481203007532,707.35,0.0,0.0,0.649927337316325,0.0070839499298504
2017-03-30,24.956,24.956,24.956,24.956,136,0,0.0922472225564519,24.8406,24.802200000000003,24.75165,24.775161576808035,24.965421422441445,24.53787857755856,0.3099143059454726,70.76735688185153,703.9,0.0,0.0,0.7427740997900889,0.0009220470095409
2017-03-31,25.008,25.008,25.008,25.008,6488,0,0.2083667254367593,24.8822,24.825799999999997,24.76155,24.79733666473108,25.003218302474817,24.519881697525182,0.3113530122321064,72.5085910652922,1012.95,0.0,0.0,0.9526885192959744,0.0020814994305807
2017-04-05,25.008,25.008,25.008,25.008,0,0,0.0,24.9324,24.8416,24.77035,24.817399839518597,25.03458376811175,24.50611623188825,0.3024751891674954,77.85977859778598,994.05,0.0,0.0,0.6358148893360172,0.0
2017-04-06,24.732,24.988,24.732,24.988,247,0,-0.079974408189376,24.9786,24.8642,24.77925,24.83364747385016,25.060546902521924,24.49795309747808,0.2711926791100105,67.53246753246763,948.4,1.0350962316027827,1.0350962316027827,0.9126887973507802,-0.0008000640477972
2017-04-07,24.928,24.928,24.928,24.928,4026,0,-0.2401152553225483,24.9776,24.8848,24.7949,24.842633428721573,25.072524433931523,24.51727556606848,0.280315154027426,61.538461538461746,1141.25,0.0,0.0,0.8332659169969947,-0.0024040399429856
2017-04-10,25.035,25.035,25.035,25.035,142,0,0.429236200256744,24.9934,24.917,24.8159,24.860954054557613,25.09969822335412,24.532101776645877,0.2964205044114076,66.7943805874842,1148.35,0.0,0.0,1.3029579573503811,0.0042831760935703
2017-04-11,25.035,25.035,25.035,25.035,0,0,0.0,24.9988,24.940500000000004,24.8369,24.87752985888546,25.12026169930248,24.55353830069752,0.2878932648896583,63.12056737588653,1148.35,0.0,0.0,0.9475806451612944,0.0
2017-04-12,25.035,25.035,25.035,25.035,0,0,0.0,25.0042,24.968300000000003,24.857899999999997,24.892527015182083,25.134183530949084,24.58161646905091,0.2748785689442973,72.12317666126438,1148.35,0.0,0.0,1.12291473118713,0.0
2017-04-13,25.035,25.035,25.035,25.035,0,0,0.0,25.013600000000004,24.9961,24.8819,24.906095870879028,25.129276040196235,24.63452395980377,0.2748785689442973,77.12305025996548,1112.3,0.0,0.0,1.12291473118713,0.0
2017-04-17,25.036,25.036,25.036,25.036,0,0,0.0039944078290332,25.035200000000003,25.006400000000003,24.8951,24.918467692700073,25.145934313106466,24.644265686893537,0.1773627306256572,78.38312829525509,1107.2,0.0,0.0,0.4131071271006314,3.994328054688076e-05
2017-04-18,25.036,25.036,25.036,25.036,0,0,0.0,25.0354,25.0144,24.9083,24.929661245776256,25.15964342201356,24.65695657798644,0.1768209661997375,74.48132780083016,1107.2,0.0,0.0,0.3205641929796554,0.0
2017-04-19,25.102,25.102,25.102,25.102,2129,0,0.2636203866432263,25.0488,25.0238,24.9248,24.94607446046423,25.181733823140696,24.6678661768593,0.1836699064724792,84.15841584158436,1213.65,0.0,0.0,0.3758797184900908,0.0026327351757993
2017-04-20,25.102,25.102,25.102,25.102,0,0,0.0,25.0622,25.0332,24.937400000000004,24.960924511848592,25.203443447183897,24.67135655281611,0.1836699064724792,84.15841584158436,910.15,0.0,0.0,0.3758797184900908,0.0
2017-04-21,25.102,25.102,25.102,25.102,0,0,0.0,25.0756,25.0446,24.9544,24.974360272624917,25.216676992991463,24.692123007008533,0.1796756217410119,75.6838905775079,832.45,0.0,0.0,0.4562189851128551,0.0
2017-04-24,25.28,25.28,25.28,25.28,112,0,0.7091068440761683,25.1244,25.0798,24.9823,25.00346881808921,25.2588144709262,24.705785529073804,0.2492023165186981,83.47107438016558,759.65,0.0,0.0,1.412066752246477,0.0070660450404022
2017-04-25,25.26,25.26,25.26,25.26,141,0,-0.0791139240506333,25.1692,25.102300000000003,25.00965,25.027900359223572,25.282189924646527,24.73711007535347,0.2352382319478574,77.87610619469065,713.8,0.0,0.0,0.8987417615338611,-0.0007914523563116
2017-04-26,25.26,25.26,25.26,25.26,0,0,0.0,25.2008,25.1248,25.03265,25.050005086916567,25.308316675152245,24.756983324847756,0.2352382319478574,77.87610619469065,688.6,0.0,0.0,0.8987417615338611,0.0
2017-04-27,25.26,25.26,25.26,25.26,0,0,0.0,25.2324,25.1473,25.0578,25.07000460244832,25.318978382276256,24.796621617723744,0.2352382319478574,81.48148148148181,678.45,0.0,0.0,0.8987417615338611,0.0
2017-04-28,25.289,25.289,25.251,25.251,839,0,-0.035629453681707,25.2622,25.1689,25.082500000000003,25.087242259358007,25.31585583851373,24.849144161486276,0.2370119543632734,92.38845144356958,720.4,0.1504890895410092,-0.1502629601803165,0.8627920910724951,-0.0003563580247962
2017-05-01,25.331,25.331,25.331,25.331,203,0,0.316819135875801,25.2724,25.1984,25.1024,25.110457282276293,25.34954913460675,24.855250865393245,0.2454507993493045,91.80790960451978,723.15,0.0,0.0,1.1783032433295926,0.0031631832155644
2017-05-02,25.291,25.291,25.291,25.291,222,0,-0.157909281117996,25.278600000000004,25.2239,25.11915,25.12765182682141,25.36990404178938,24.868395958210616,0.2585771151155055,82.48730964467022,727.45,0.0,0.0,1.0185333120306783,-0.0015803408922967
2017-05-03,25.171,25.211,25.171,25.192,7911,0,-0.3914435965363227,25.265,25.2329,25.12835,25.13378022426699,25.375407866650125,24.881292133349877,0.2935996343275976,65.92292089249497,798.6,0.1589130348416795,0.0834293432918866,0.3585371683531235,-0.003922117422093
2017-05-04,25.192,25.192,25.192,25.192,0,0,0.0,25.2514,25.2419,25.137549999999997,25.13932496481299,25.3793863735648,24.895713626435196,0.2935996343275976,65.92292089249497,798.6,0.0,0.0,0.3585371683531235,0.0
2017-05-05,25.192,25.192,25.192,25.192,0,0,0.0,25.2396,25.2509,25.14775,25.1443416348308,25.38004824296416,24.915451757035836,0.2935996343275976,65.85365853658533,786.25,0.0,0.0,0.3585371683531235,0.0
2017-05-08,25.192,25.192,25.192,25.192,0,0,0.0,25.2118,25.2421,25.16095,25.148880526751675,25.36945593832267,24.95244406167733,0.1744853150027096,65.85365853658533,584.95,0.0,0.0,-0.3481012658227866,0.0
2017-05-09,25.092,25.122,25.092,25.092,1606,0,-0.3969514131470397,25.172,25.225299999999997,25.1638,25.143463333727706,25.366535606926405,24.9610643930736,0.2090029062265754,49.04942965779453,658.15,0.1195600191296075,0.0,-0.6650831353919306,-0.0039774135642267
2017-05-10,25.151,25.151,25.151,25.151,578,0,0.2351347042882201,25.1638,25.2144,25.1696,25.144181111467923,25.36325449428795,24.975945505712048,0.22953521514079,54.188034188034145,687.05,0.0,0.0,-0.4315122723673847,0.0023485869521981
2017-05-11,25.151,25.151,25.151,25.151,0,0,0.0,25.1556,25.2035,25.175400000000003,25.14483052942336,25.358755162974767,24.99204483702524,0.22953521514079,54.188034188034145,687.05,0.0,0.0,-0.4315122723673847,0.0
2017-05-12,25.151,25.151,25.151,25.151,0,0,0.0,25.1474,25.1935,25.1812,25.145418098049703,25.35281842619764,25.00958157380236,0.2299384750942295,34.15233415233399,687.05,0.0,0.0,-0.3960239198447679,0.0
2017-05-15,25.151,25.151,25.151,25.151,0,0,0.0,25.1392,25.1755,25.18695,25.145949707759257,25.345276079242964,25.028623920757035,0.1944924922328501,35.917312661498485,687.05,0.0,0.0,-0.7105917650309879,0.0
2017-05-16,25.176,25.2,25.176,25.2,915,0,0.1948232674645167,25.1608,25.1664,25.19515,25.15109735463933,25.33665212942429,25.053647870575713,0.2084853411737287,43.11926605504561,732.8,0.0953288846520531,0.0953288846520531,-0.3598117907556042,0.0019463373306826
2017-05-17,25.2,25.2,25.2,25.2,0,0,0.0,25.1706,25.1672,25.20005,25.155754749435584,25.334586201350096,25.065513798649903,0.1669018060665852,43.11926605504561,626.35,0.0,0.0,0.0317561130517507,0.0
2017-05-18,25.122,25.122,25.122,25.122,429,0,-0.309523809523804,25.1648,25.1602,25.20105,25.1525400113941,25.332785740265077,25.069314259734927,0.1940714841845334,37.22772277227706,647.8,0.0,0.0,-0.2778659892029189,-0.0031000382523162
2017-05-19,25.201,25.201,25.201,25.201,595,0,0.3144654088050425,25.1748,25.1611,25.206,25.157155248404184,25.32923020819002,25.08276979180998,0.222452075945969,37.103174603174736,677.55,0.0,0.0,0.0357256271832362,0.0031397200046678
2017-05-22,25.201,25.201,25.201,25.201,0,0,0.0,25.1848,25.162,25.20205,25.161330939032357,25.320254951361377,25.083845048638626,0.222452075945969,40.30172413793109,671.95,0.0,0.0,0.0357256271832362,0.0
2017-05-23,25.201,25.201,25.201,25.201,0,0,0.0,25.185,25.1729,25.1991,25.1651089448388,25.3141174357493,25.084082564250696,0.172891794360505,51.2328767123288,664.9,0.0,0.0,0.4344014028375698,0.0
2017-05-24,25.201,25.201,25.201,25.201,0,0,0.0,25.1852,25.1779,25.19615,25.168527140568436,25.30756062030084,25.08473937969916,0.1593943353740465,51.2328767123288,664.9,0.0,0.0,0.198799252514803,0.0
2017-05-25,25.36,25.36,25.36,25.36,101,0,0.6309273441529983,25.2328,25.1988,25.20115,25.18676265099049,25.33191982590969,25.07038017409031,0.249825260313811,66.03053435114495,669.95,0.0,0.0,0.8309808755118997,0.006289453299296
2017-05-26,25.36,25.378,25.33,25.378,2340,0,0.0709779179810743,25.2682,25.2215,25.2075,25.204975731848545,25.359131825572153,25.055868174427847,0.2482059771534003,67.15867158671581,745.0,0.1894986182392491,0.0709779179810752,0.9025486064172306,0.0007095274056976
2017-05-30,25.378,25.378,25.378,25.378,0,0,0.0,25.3036,25.2442,25.20985,25.22145423357725,25.370716436916915,25.048983563083084,0.2482059771534003,82.35294117647072,734.85,0.0,0.0,0.9025486064172306,0.0
2017-05-31,25.378,25.378,25.378,25.378,0,0,0.0,25.339,25.262,25.2142,25.236363354188946,25.38845401905817,25.039945980941837,0.2467201320184172,79.63446475195833,723.75,0.0,0.0,0.7063492063491994,0.0
2017-06-01,25.456,25.497,25.456,25.497,203,0,0.4689100795965073,25.3982,25.2917,25.22945,25.261185891885233,25.444202219521713,25.014697780478286,0.2747598718783348,84.46215139442239,338.35,0.1610622250157148,0.1610622250157148,1.1785714285714288,0.0046781412098761
2017-06-02,25.497,25.497,25.497,25.497,0,0,0.0,25.4256,25.3292,25.2447,25.283644378372355,25.489473665594257,24.999926334405743,0.2360005752657403,84.46215139442239,338.35,0.0,0.0,1.4927155481251564,0.0
2017-06-05,25.497,25.498,25.497,25.498,1372,0,0.0039220300427578,25.4496,25.3589,25.26,25.30405919947975,25.528051055623884,24.991948944376112,0.2321394299035843,84.4930417495031,406.95,0.0039220300427549,0.0039220300427549,1.1785246617197709,3.921953133170475e-05
2017-06-06,25.55,25.55,25.516,25.516,225,0,0.0705937720605343,25.4772,25.3904,25.2762,25.324244037624535,25.56528465341857,24.987115346581433,0.2292252018288322,83.47457627118649,418.2,0.1332497256623392,-0.1330724070450194,1.2499503987936975,0.0007056886637781
2017-06-07,25.516,25.516,25.516,25.516,0,0,0.0,25.5048,25.4219,25.2974,25.34250651023172,25.59174773563544,25.00305226436456,0.2292252018288322,83.47457627118649,337.9,0.0,0.0,1.2499503987936975,0.0
2017-06-08,25.515,25.515,25.515,25.515,621,0,-0.0039191095782986,25.5084,25.4533,25.3156,25.358934461638224,25.61676783220975,25.01443216779025,0.2294650008902128,99.74683544303856,340.05,0.0,0.0,1.2459823022895833,-3.919186377404664e-05
2017-06-09,25.492,25.492,25.492,25.492,161,0,-0.0901430531060176,25.5074,25.4665,25.332649999999997,25.37160737005363,25.633191458739184,25.03210854126081,0.1531081600573983,92.92035398230156,348.1,0.0,0.0,0.5205047318612044,-0.0009018370638871
2017-06-12,25.567,25.567,25.567,25.567,960,0,0.2942099482190485,25.5212,25.4854,25.35345,25.39021619195329,25.658603955966704,25.048296044033293,0.1713625036563486,94.2028985507252,396.1,0.0,0.0,0.7447395381826816,0.0029377799777095
2017-06-13,25.636,25.636,25.636,25.636,147,0,0.2698791410802981,25.5452,25.5112,25.3777,25.41362417367202,25.69205889646946,25.06334110353054,0.1794133155336296,95.0310559006216,403.45,0.0,0.0,1.0166285759318994,0.0026951562122231
2017-06-14,25.636,25.636,25.636,25.636,0,0,0.0,25.5692,25.537,25.399499999999996,25.434802823798496,25.722329268874624,25.07667073112537,0.1794133155336296,95.0310559006216,357.7,0.0,0.0,1.0166285759318994,0.0
2017-06-15,25.7,25.739,25.7,25.722,1756,0,0.3354657512872672,25.6106,25.5595,25.4256,25.462154935817686,25.76452113661164,25.08667886338836,0.1518881220710392,94.14634146341524,445.5,0.1517509727626516,0.0856031128404747,0.8824567596187771,0.0033490432019147
2017-06-16,25.722,25.722,25.722,25.722,0,0,0.0,25.656599999999997,25.582,25.455599999999997,25.48690208478743,25.787516539921864,25.12368346007813,0.1518881220710392,93.87755102040876,424.05,0.0,0.0,0.8824567596187771,0.0
2017-06-19,25.722,25.722,25.722,25.722,0,0,0.0,25.687600000000003,25.604400000000005,25.48165,25.509292362426724,25.811203621545424,25.15209637845458,0.1521342163369324,93.87755102040876,394.3,0.0,0.0,0.8785002745313353,0.0
2017-06-20,25.722,25.722,25.722,25.722,0,0,0.0,25.7048,25.625,25.5077,25.5295502326718,25.826020659249885,25.189379340750115,0.1546288742389929,93.87755102040876,394.3,0.0,0.0,0.8073365731305904,0.0
2017-06-21,25.65,25.67,25.615,25.625,800,0,-0.3771090894953754,25.7026,25.6359,25.5289,25.538640686703054,25.816178995146963,25.241621004853037,0.2118523226866557,67.29729729729743,434.3,0.2147179387078012,-0.0974658869395656,0.4271829440351204,-0.0037782193853228
2017-06-22,25.749,25.749,25.638,25.648,1441,0,0.0897560975609668,25.687800000000003,25.6492,25.55125,25.549055859398003,25.797779490069036,25.304720509930963,0.2116260245915975,69.2111959287533,506.35,0.4329510882283995,-0.3922482426501965,0.5212620027434722,0.0008971584086248
2017-06-23,25.648,25.648,25.648,25.648,0,0,0.0,25.673,25.664800000000003,25.56565,25.55847911088391,25.7984031106695,25.332896889330495,0.2067526237340202,69.1326530612245,501.3,0.0,0.0,0.6119566922956121,0.0
2017-06-26,25.805,25.805,25.805,25.805,101,0,0.6121334996880945,25.6896,25.688599999999997,25.587,25.58195729079973,25.82554206293542,25.34845793706458,0.2632771119206903,77.21280602636554,389.35,0.0,0.0,0.930887472132036,0.0061026757334934
2017-06-27,25.72,25.72,25.72,25.72,1009,0,-0.3293935283859794,25.6892,25.696999999999996,25.6041,25.595104215485467,25.82815159180306,25.380048408196934,0.2857866060466386,66.55844155844161,439.8,0.0,0.0,0.3276642221875514,-0.0032993722312719
2017-06-28,25.689,25.69,25.689,25.689,1043,0,-0.1205287713841318,25.702,25.7023,25.61965,25.60404667115352,25.819490225654107,25.419809774345893,0.2898497270897699,63.46749226006187,491.95,0.0038927167270085,0.0,0.2067405211421569,-0.0012060146572539
2017-06-29,25.451,25.531,25.451,25.531,624,0,-0.6150492428666055,25.6786,25.6832,25.62135,25.597089845329375,25.81733847979036,25.42536152020964,0.3285489003824065,52.49679897567207,513.0,0.3143294958940643,0.3143294958940643,-0.7425550112744039,-0.0061694846214942
2017-06-30,25.531,25.531,25.531,25.531,0,0,0.0,25.6552,25.6641,25.62305,25.590795574345623,25.815046134829544,25.431053865170455,0.3285489003824065,47.45042492917839,513.0,0.0,0.0,-0.7425550112744039,0.0
2017-07-03,25.551,25.561,25.551,25.561,4665,0,0.1175042105675538,25.606399999999997,25.648000000000003,25.6262,25.587957900598425,25.811508391607106,25.4408916083929,0.3335534352790356,44.37781109445287,677.65,0.0391374114516127,0.0391374114516127,-0.6259233341108783,0.0011743522840272
2017-07-05,25.561,25.561,25.561,25.561,0,0,0.0,25.574599999999997,25.6319,25.628449999999997,25.58539048149381,25.809160265342097,25.4477397346579,0.3335534352790356,44.37781109445287,666.4,0.0,0.0,-0.6259233341108783,0.0
2017-07-06,25.402,25.432,25.353,25.392,4253,0,-0.6611634912562114,25.5152,25.608600000000003,25.62225,25.56697234039916,25.82621684457093,25.418283155429073,0.3730955891038969,27.99999999999997,879.05,0.3116002051039209,-0.0393669789780393,-0.90926829268293,-0.0066335885906444
2017-07-07,25.392,25.392,25.392,25.392,0,0,0.0,25.4874,25.583,25.6161,25.550308307980192,25.840114943110617,25.392085056889385,0.3693333309167708,27.99999999999997,848.0,0.0,0.0,-0.9981285090455372,0.0
2017-07-10,25.383,25.383,25.383,25.383,129,0,-0.0354442344045358,25.4578,25.5565,25.61065,25.534374183410648,25.85200954834843,25.36929045165157,0.3684397480317757,27.6679841897233,846.4,0.0,0.0,-1.0332189644416734,-0.0003545051735797
2017-07-11,25.388,25.388,25.387,25.387,299,0,0.0157585785762082,25.423,25.5147,25.60165,25.52033854689535,25.86249984589851,25.34080015410149,0.2766105214153085,28.04718217562264,813.35,0.0039390239098799,-0.0039388687568978,-1.61984111606277,0.0001575733704264
2017-07-12,25.571,25.571,25.571,25.571,101,0,0.7247803994170354,25.425,25.4998,25.5984,25.52516344719103,25.859067483284967,25.337732516715036,0.3855161683533441,46.82352941176482,811.05,0.0,0.0,-0.5793157076205202,0.0072216648875588
2017-07-13,25.465,25.531,25.465,25.531,905,0,-0.1564272026905566,25.452800000000003,25.484,25.59315,25.52571930936331,25.85485636418063,25.331443635819372,0.3863354467071678,43.25259515570936,856.3,0.2591792656587431,0.2591792656587431,-0.6150492428666055,-0.0015654967777883
2017-07-14,25.585,25.585,25.585,25.585,699,0,0.211507579021597,25.4914,25.4894,25.5863,25.53136508942395,25.840880852631003,25.331719147369,0.340305854336779,46.57980456026069,803.45,0.0,0.0,0.211507579021597,0.0021128421663847
2017-07-17,25.585,25.585,25.585,25.585,0,0,0.0,25.5318,25.4948,25.57945,25.53647317614548,25.825899717301336,25.333000282698663,0.340305854336779,35.60209424083796,803.45,0.0,0.0,0.211507579021597,0.0
2017-07-18,25.585,25.585,25.585,25.585,0,0,0.0,25.5714,25.4972,25.5726,25.54109477841734,25.80980956757134,25.335390432428664,0.3386530528045538,40.05891016200322,803.45,0.0,0.0,0.0938930401783944,0.0
2017-07-19,25.64,25.64,25.64,25.64,648,0,0.2149697088137614,25.5852,25.5051,25.5685,25.550514323329978,25.797530450744947,25.339469549255053,0.3447232206188879,46.51493598862029,835.85,0.0,0.0,0.3090645905872158,0.0021473897954141
2017-07-20,25.64,25.64,25.64,25.64,0,0,0.0,25.607,25.5299,25.56925,25.55903676872712,25.7991560448829,25.3393439551171,0.2465624580918046,60.0,795.85,0.0,0.0,0.976685570258362,0.0
2017-07-21,25.769,25.769,25.769,25.769,204,0,0.5031201248049788,25.6438,25.5676,25.5753,25.579033266943583,25.81983444488835,25.330765555111647,0.2742325225993424,67.65578635014816,734.0,0.0,0.0,1.4847195967233828,0.0050185870470814
2017-07-24,25.716,25.716,25.71,25.71,743,0,-0.2289572742442347,25.668799999999997,25.600299999999997,25.5784,25.59150628913943,25.828327484219788,25.32847251578021,0.2946682517016872,60.59743954480799,771.15,0.0233372228704792,-0.0233317778814754,1.2882637986053824,-0.0022921978217526
2017-07-25,25.697,25.697,25.697,25.697,136,0,-0.0505639828860426,25.6912,25.6313,25.573,25.60155330922139,25.806435666782797,25.339564333217204,0.2982121783695168,59.4972067039105,772.9,0.0,0.0,1.2210974120612894,-0.0005057677077876
2017-07-26,25.697,25.697,25.697,25.697,0,0,0.0,25.7026,25.6439,25.57185,25.61064347024793,25.80244581865021,25.341254181349793,0.2105959750457129,77.8793418647164,722.45,0.0,0.0,0.4927456884752157,0.0
2017-07-27,25.72,25.72,25.72,25.72,104,0,0.0895046114332442,25.7186,25.662799999999997,25.5734,25.62105837784336,25.807698415206833,25.33910158479317,0.1978687965558236,78.77192982456116,675.5,0.0,0.0,0.740276526575534,0.0008946457994081
2017-07-28,25.72,25.72,25.72,25.72,0,0,0.0,25.708799999999997,25.6763,25.58285,25.63048138947733,25.825060239255095,25.340639760744903,0.1927707134780526,80.03565062388572,644.3,0.0,0.0,0.52765292163377,0.0
2017-07-31,25.731,25.731,25.731,25.731,137,0,0.0427682737169643,25.713,25.6909,25.59285,25.640054590479487,25.842448646251412,25.343251353748585,0.1919415966606823,80.28169014084492,651.15,0.0,0.0,0.5706468633965178,0.0004275913069756
2017-08-01,25.858,25.858,25.822,25.822,676,0,0.3536590105320369,25.738,25.7146,25.6059,25.657382724719536,25.875016214379805,25.3367837856202,0.2118082911021607,76.42105263157862,451.7,0.1394160018588853,-0.1392219042462733,0.9263240179792742,0.0035303510761326
2017-08-02,25.72,25.814,25.72,25.814,1342,0,-0.0309813337464159,25.7614,25.732,25.61855,25.67229865569863,25.9021735273442,25.3349264726558,0.2102749037732645,81.9413092550793,518.8,0.3654743390357745,0.3654743390357745,0.6786271450857972,-0.0003098613395309
2017-08-03,25.749,25.806,25.749,25.806,1564,0,-0.0309909351514647,25.7786,25.7486,25.639249999999997,25.685032117060665,25.913531357656513,25.36496864234348,0.2116102252678342,77.83375314861497,384.35,0.2213678201095272,0.2213678201095272,0.6474258970358804,-0.0003099573833416
2017-08-04,25.806,25.806,25.806,25.806,0,0,0.0,25.795799999999996,25.7523,25.65995,25.69655286781679,25.917651152908817,25.402248847091183,0.1451922415547097,77.83375314861497,384.35,0.0,0.0,0.1435833753735238,0.0
2017-08-07,25.806,25.806,25.806,25.806,0,0,0.0,25.8108,25.761899999999997,25.681099999999997,25.70697640421519,25.91103353730796,25.451166462692033,0.1180628190669835,77.83375314861497,377.9,0.0,0.0,0.3733955659276589,0.0
2017-08-08,25.8,25.8,25.8,25.8,378,0,-0.0232504068821248,25.806400000000004,25.7722,25.701749999999997,25.715835794289937,25.891066638132227,25.512433361867767,0.1161029098429645,72.98850574712677,381.85,0.0,0.0,0.4008249990271384,-0.0002325311020825
2017-08-09,25.809,25.809,25.809,25.809,102,0,0.0348837209302343,25.8054,25.7834,25.71365,25.724708575786135,25.898222650080935,25.529077349919067,0.115286364199534,73.6694677871152,381.9,0.0,0.0,0.435848542631434,0.000348776379749
2017-08-10,25.749,25.749,25.749,25.749,7915,0,-0.2324770428920208,25.794,25.7863,25.72455,25.727022044758883,25.888276954987496,25.560823045012505,0.1427259925347466,46.52777777777785,732.4,0.0,0.0,0.1127527216174151,-0.0023274769031282
2017-08-11,25.729,25.729,25.729,25.729,580,0,-0.0776729193366687,25.7786,25.7872,25.73175,25.727210421448515,25.881725261117865,25.58177473888213,0.1454995451395072,53.81526104417634,726.45,0.0,0.0,0.0349922239502253,-0.00077703100378
2017-08-14,25.729,25.729,25.729,25.729,0,0,0.0,25.7632,25.787,25.73895,25.727380857501036,25.872149454716773,25.605750545283225,0.1448472089044358,56.77966101694914,726.45,0.0,0.0,-0.0077727255062054,0.0
2017-08-15,25.68,25.7,25.68,25.7,221,0,-0.1127132807338004,25.743199999999995,25.7748,25.7447,25.72477315678665,25.85842191382585,25.630978086174153,0.077508885534235,50.56603773584908,737.5,0.077881619937693,0.077881619937693,-0.4724653396328659,-0.0011277684992383
2017-08-16,25.7,25.7,25.7,25.7,0,0,0.0,25.7214,25.7634,25.7477,25.722413808521257,25.852617210469184,25.642782789530813,0.0788422515956505,45.86776859504143,705.1,0.0,0.0,-0.4416208259084286,0.0
2017-08-17,25.741,25.741,25.72,25.72,393,0,0.0778210116731514,25.7156,25.7548,25.7517,25.722183921995423,25.844758216074407,25.658641783925592,0.0878637557549152,50.0,724.75,0.0816485225505474,-0.0815819121246291,-0.333255831977064,0.0007779074682445
2017-08-18,25.72,25.72,25.72,25.72,0,0,0.0,25.7138,25.7462,25.74925,25.72197592942443,25.842968222684608,25.655531777315392,0.0878637557549152,47.80876494023847,714.55,0.0,0.0,-0.333255831977064,0.0
2017-08-21,25.72,25.72,25.72,25.72,0,0,0.0,25.712,25.737599999999997,25.74975,25.72178774566972,25.84268999195861,25.656810008041383,0.0878637557549152,18.12499999999993,677.4,0.0,0.0,-0.333255831977064,0.0
2017-08-22,25.764,25.764,25.764,25.764,262,0,0.1710730948678129,25.7248,25.734,25.7531,25.725807960367845,25.842808064532175,25.663391935467825,0.1092334166793804,37.24489795918359,683.7,0.0,0.0,-0.1395348837209375,0.0017092693152257
2017-08-23,25.809,25.809,25.809,25.809,1966,0,0.1746623195156171,25.7466,25.734,25.758699999999997,25.733731011761385,25.84764255982021,25.669757440179787,0.1241020784934974,50.64377682403434,782.0,0.0,0.0,0.0,0.0017450996226766
2017-08-24,25.858,25.858,25.809,25.809,543,0,0.0,25.7644,25.74,25.763150000000003,25.74089948683173,25.852842515676755,25.67345748432325,0.0937665956436962,50.64377682403434,803.95,0.1898562516951431,-0.1894964807796406,0.2330187580100284,0.0
2017-08-25,25.809,25.809,25.809,25.809,0,0,0.0,25.7822,25.748,25.7676,25.74738524999061,25.857109540802867,25.67809045919713,0.0874776016147503,50.64377682403434,803.95,0.0,0.0,0.3109331882311883,0.0
2017-08-28,25.809,25.809,25.809,25.809,0,0,0.0,25.8,25.756,25.771500000000003,25.753253321420075,25.86109205791871,25.681907942081295,0.0874776016147503,51.982378854625594,797.1,0.0,0.0,0.3109331882311883,0.0
2017-08-29,25.769,25.809,25.769,25.804,787,0,-0.0193730869076813,25.808,25.766399999999997,25.7706,25.758086338427688,25.858399772209292,25.68280022779071,0.0744371015883263,48.8789237668156,802.65,0.1552252706740762,0.135822111839808,0.4046692607003965,-0.0001937496373256
2017-08-30,25.832,25.832,25.832,25.832,330,0,0.1085103084793148,25.812599999999996,25.7796,25.771499999999996,25.76512573476791,25.86151403399355,25.68148596600644,0.0757872500379526,71.72774869109931,752.05,0.0,0.0,0.5136186770428042,0.0010845147859789
2017-08-31,25.987,25.987,25.987,25.987,202,0,0.6000309693403372,25.8482,25.8063,25.78055,25.786256617170967,25.9120185874028,25.6490814125972,0.1899875288687827,89.57055214723863,683.95,0.0,0.0,1.0381026438569083,0.0059823795238254
2017-09-01,25.987,25.987,25.987,25.987,0,0,0.0,25.8838,25.833,25.789599999999997,25.805375034583257,25.950148271147416,25.629051728852577,0.1899875288687827,89.57055214723863,683.95,0.0,0.0,1.0381026438569083,0.0
2017-09-05,25.987,25.987,25.987,25.987,0,0,0.0,25.919399999999996,25.859699999999997,25.79865,25.822672650337232,25.981892462327934,25.615407537672063,0.1899875288687827,98.31649831649749,683.95,0.0,0.0,1.0381026438569083,0.0
2017-09-06,25.987,25.987,25.987,25.987,0,0,0.0,25.955999999999996,25.882,25.808,25.83832287411464,26.00968761671666,25.60631238328334,0.1909256919135849,98.31649831649749,665.05,0.0,0.0,0.8655488278217716,0.0
2017-09-07,25.987,25.987,25.987,25.987,0,0,0.0,25.987,25.8998,25.816899999999997,25.852482600389436,26.03390147950018,25.599898520499817,0.1899390803429193,98.19494584837456,659.95,0.0,0.0,0.6896818939129634,0.0
2017-09-08,25.918,25.987,25.918,25.987,3049,0,0.0,25.987,25.9176,25.8288,25.86529378130473,26.05598747185624,25.601612528143765,0.1899390803429193,98.19494584837456,416.65,0.2662242456979669,0.2662242456979669,0.6896818939129634,0.0
2017-09-11,25.987,25.987,25.987,25.987,0,0,0.0,25.987,25.9354,25.841699999999996,25.876884849751896,26.07426292866551,25.60913707133448,0.1899390803429193,98.19494584837456,387.65,0.0,0.0,0.6896818939129634,0.0
2017-09-12,25.987,25.987,25.987,25.987,421,0,0.0,25.987,25.9532,25.8546,25.887372006918383,26.089452159543217,25.619747840456775,0.1899390803429193,97.85407725321782,408.7,0.0,0.0,0.6896818939129634,0.0
2017-09-13,25.987,25.987,25.987,25.987,0,0,0.0,25.987,25.9715,25.86895,25.89686038721187,26.099052471452243,25.63884752854776,0.189035145755242,97.34042553191355,397.65,0.0,0.0,0.709192373275469,0.0
2017-09-14,25.976,25.976,25.976,25.976,131,0,-0.0423288567360624,25.9848,25.985899999999997,25.88275,25.90439749319169,26.103087420669706,25.662412579330297,0.1916958620198383,91.95979899497404,404.2,0.0,0.0,0.557448126354898,-0.0004233781792549
2017-09-15,26.09,26.12,26.05,26.12,5800,0,0.5543578688019801,26.0114,25.999199999999995,25.902749999999997,25.924931065268673,26.133266924826763,25.67223307517323,0.1772904108127979,95.33527696792956,674.55,0.2687140115163158,0.1149865848984328,0.5117943587178209,0.0055282696076855
2017-09-18,26.12,26.12,26.12,26.12,0,0,0.0,26.038,26.0125,25.922749999999997,25.94350905905261,26.155900391942986,25.689599608057012,0.1772904108127979,95.33527696792956,674.55,0.0,0.0,0.5117943587178209,0.0
2017-09-19,26.12,26.12,26.12,26.12,0,0,0.0,26.0646,26.025799999999997,25.94275,25.96031772009522,26.17124887711347,25.71425112288653,0.1772904108127979,96.74556213017776,674.55,0.0,0.0,0.5117943587178209,0.0
2017-09-20,26.12,26.12,26.12,26.12,0,0,0.0,26.091200000000004,26.0391,25.96055,25.975525556276622,26.185861456947023,25.73523854305298,0.1772904108127979,96.45161290322604,661.45,0.0,0.0,0.5117943587178209,0.0
2017-09-21,25.9787,25.9787,25.9787,25.9787,171,0,-0.5409647779479387,26.091740000000005,26.03827,25.969035,25.97582788425028,26.18280175212905,25.755268247870955,0.2585565792241399,48.59939250759393,571.7,0.0,0.0,-0.0319390464462943,-0.0054243329088909
2017-09-22,25.9787,25.9787,25.9787,25.9787,0,0,0.0,26.06348,26.037439999999997,25.97752,25.976101419083587,26.177572294215945,25.77746770578405,0.2585565792241399,48.59939250759393,544.55,0.0,0.0,-0.0319390464462943,0.0
2017-09-25,25.9787,25.9787,25.9787,25.9787,0,0,0.0,26.03522,26.036610000000003,25.986005,25.976348902980387,26.16968771815111,25.802322281848888,0.2585565792241399,48.59939250759393,544.55,0.0,0.0,-0.0319390464462943,0.0
2017-09-26,25.9787,25.9787,25.9787,25.9787,0,0,0.0,26.00696,26.03578,25.994490000000003,25.976572816982255,26.15835423006486,25.830625769935143,0.2585565792241399,48.59939250759393,544.55,0.0,0.0,-0.0319390464462943,0.0
2017-09-27,25.8,25.8,25.8,25.8,107,0,-0.6878712175743984,25.94296,26.01708,25.99429,25.95975635822204,26.15913996559874,25.82944003440126,0.3372326688751015,30.31578947368452,510.55,0.0,0.0,-0.7195905645130174,-0.0069024795717676
2017-09-28,25.8,25.8,25.8,25.8,0,0,0.0,25.90722,25.99948,25.99269,25.9445414669628,26.164640444513623,25.820739555486377,0.3379070015564442,30.31578947368452,494.05,0.0,0.0,-0.6775485063135189,0.0
2017-09-29,25.95,25.95,25.92,25.92,11743,0,0.4651162790697771,25.89548,25.97948,25.98934,25.94220418439491,26.16434078075017,25.814339219249828,0.3203845043196664,44.369747899159975,1071.1,0.1157407407407314,-0.1156069364161756,-0.7656967840734996,0.0046403795565023
2017-10-02,25.92,25.92,25.92,25.92,0,0,0.0,25.88374,25.959480000000003,25.985989999999997,25.940089500166827,26.16372318737576,25.808256812624233,0.3203845043196664,44.369747899159975,1071.1,0.0,0.0,-0.7656967840734996,0.0
2017-10-03,25.9735,25.9735,25.97,25.97,928,0,0.1929012345678993,25.882,25.94448,25.98514,25.94293811919856,26.163015395772053,25.80726460422795,0.331121053455777,48.6821705426357,1117.5,0.0134770889487966,-0.0134752728742853,-0.5742725880551358,0.0019271541905831
2017-10-04,25.95,25.95,25.95,25.95,114,0,-0.0770119368502131,25.912,25.927480000000003,25.98329,25.943610679274887,26.161852256871263,25.804727743128737,0.3305409968814902,48.01223241590216,1123.2,0.0,0.0,-0.6508422664624924,-0.0007704160627594
2017-10-05,26.02,26.06,26.02,26.06,6779,0,0.4238921001926687,25.964,25.935610000000004,25.986939999999997,25.954695376486804,26.16877595151446,25.805104048485536,0.316627300140377,45.161290322580435,1462.15,0.1537279016141396,0.1537279016141396,0.31294868488414,0.0042299620848013
2017-10-06,25.96,25.99,25.9055,25.99,1611,0,-0.2686108979278567,25.978,25.936739999999997,25.98709,25.958057721583295,26.168931109358265,25.80524889064174,0.3306968417297498,40.579710144927326,1390.25,0.3261855590511608,0.1155624036979876,0.0434971726837707,-0.0026897230433001
2017-10-09,25.99,25.99,25.99,25.99,0,0,0.0,25.991999999999997,25.937869999999997,25.987239999999996,25.96109984333727,26.169085746082857,25.805394253917136,0.3306968417297498,40.579710144927326,1390.25,0.0,0.0,0.0434971726837707,0.0
2017-10-10,25.99,25.99,25.99,25.99,0,0,0.0,25.996,25.939,25.98739,25.96385223920991,26.169239861728123,25.805540138271873,0.3306968417297498,40.579710144927326,1369.2,0.0,0.0,0.0434971726837707,0.0
2017-10-11,26.0949,26.0949,26.0949,26.0949,277,0,0.4036167756829467,26.02498,25.968490000000003,25.992785,25.976332978332778,26.180881081550755,25.80468891844924,0.2459177132170695,58.88922888616888,1383.05,0.0,0.0,1.1430232558139464,0.0040280442828816
2017-10-12,26.1599,26.1599,26.11,26.11,3231,0,0.0578657132236593,26.03498,25.99949,25.999485,25.98906317087251,26.194483226982523,25.804486773017477,0.2436073857015793,59.817556452818906,1538.05,0.1911145155113019,-0.1907499646405412,1.2015503875968836,0.0005784897747568
2017-10-13,26.2151,26.2151,26.215,26.215,758,0,0.4021447721179738,26.07998,26.02899,26.004235,26.010580964122745,26.215540249642142,25.79292975035786,0.2343257030738133,65.27077678686834,1285.95,0.0003814609956123,-0.0003814595404929,1.1381172839506126,0.0040133833134587
2017-10-16,26.1793,26.1793,26.1793,26.1793,214,0,-0.1361815754339024,26.11784,26.05492,26.0072,26.026649443730104,26.226844430363,25.787555569637004,0.2453513138353944,62.39189523103548,1296.65,0.0,0.0,1.000385802469128,-0.0013627438681224
2017-10-17,26.1793,26.1793,26.1793,26.1793,0,0,0.0,26.155700000000003,26.075849999999996,26.010165,26.041187591946283,26.237680739420863,25.782649260579134,0.2448061112369216,80.06976375455861,1296.65,0.0,0.0,0.8059299191374825,0.0
2017-10-18,26.0734,26.1164,26.05,26.1045,3343,0,-0.2857219253379561,26.15762,26.0913,26.009389999999996,26.047217345094257,26.235431243558523,25.78334875644147,0.2675719290193431,71.58043940467768,1463.8,0.2548944337811824,0.1192786518060633,0.5953757225433565,-0.0028613088961722
2017-10-19,26.1045,26.1045,26.1045,26.1045,3368,0,0.0,26.15652,26.09575,26.015679999999996,26.05267283603766,26.245101382934063,25.78625861706593,0.2350680299646762,65.75576430401375,1623.65,0.0,0.0,0.1707597851112963,0.0
2017-10-20,26.05,26.095,26.05,26.095,8155,0,-0.0363921929169452,26.13252,26.10625,26.021495,26.056703994510265,26.25285717654762,25.790132823452375,0.2142306192414829,64.70588235294096,2031.4,0.1727447216890524,0.1727447216890524,0.404001539053489,-0.0003639881648249
2017-10-23,26.095,26.095,26.095,26.095,8217,0,0.0,26.11566,26.116750000000003,26.02731,26.060351233128333,26.259985721032315,25.794634278967685,0.2142306192414829,61.46788990825685,2442.25,0.0,0.0,0.404001539053489,0.0
2017-10-24,26.025,26.025,26.025,26.025,181,0,-0.2682506227246639,26.08479999999999,26.12025,26.029625,26.056984449020874,26.261182962506176,25.798067037493823,0.2355988752066654,56.302521008403275,2451.3,0.0,0.0,0.1346671796844889,-0.002686110594344
2017-10-25,26.0,26.0,25.8,25.8,2236,0,-0.8645533141210304,26.0239,26.09076,26.029625,26.032509739590314,26.261182962506176,25.798067037493823,0.3262668053454627,31.690140845070587,2557.75,0.7751937984496096,-0.7692307692307665,-1.1301058827586918,-0.0086831225734607
2017-10-26,25.8,25.8,25.8,25.8,0,0,0.0,25.963,26.05976,26.029625,26.010365954867428,26.261182962506176,25.798067037493823,0.3233980542730259,35.156250000000185,2557.75,0.0,0.0,-1.1872845653006503,0.0
2017-10-27,25.83,25.865,25.83,25.865,1613,0,0.25193798449612,25.91699999999999,26.024760000000004,26.026875,25.996521578213382,26.26512439498462,25.78862560501538,0.2990828606797723,41.13475177304962,2051.25,0.1355013550135507,0.1355013550135507,-1.3351134846461998,0.0025162115279066
2017-10-30,25.865,25.865,25.865,25.865,0,0,0.0,25.871,25.993330000000004,26.024125000000005,25.983995713621635,26.268752827956146,25.779497172043865,0.3020538735757014,41.13475177304962,2051.25,0.0,0.0,-1.2005668600764796,0.0
2017-10-31,25.91,25.91,25.91,25.91,128,0,0.1739802822346758,25.848000000000003,25.9664,26.021125,25.976948502800525,26.26998267545244,25.772267324547563,0.3145066807391247,35.668888544411786,2011.25,0.0,0.0,-1.0286753274533766,0.0017382911185401
2017-11-01,25.91,25.91,25.91,25.91,0,0,0.0,25.869999999999997,25.94695,26.019125000000003,25.97057245491476,26.271013938559108,25.767236061440897,0.308982363704942,34.126984126984155,2005.55,0.0,0.0,-0.7450822655097888,0.0
2017-11-02,25.8948,25.8948,25.8948,25.8948,101,0,-0.0586646082593622,25.888959999999997,25.92598,26.010865000000003,25.96335603063716,26.267892365121043,25.753837634878963,0.3079696001284896,20.3628285820066,1671.65,0.0,0.0,-0.8033097741768747,-0.0005868182267351
2017-11-03,25.88,25.88,25.76,25.8198,3336,0,-0.2896334399184352,25.87992,25.89846,26.002355,25.949684027719336,26.2731906073535,25.731519392646504,0.3143141588415539,18.981880931837708,1757.9,0.4658385093167602,-0.2326120556414152,-1.0546081624832282,-0.0029005368921718
2017-11-06,25.73,25.83,25.73,25.83,2054,0,0.0395045662630932,25.87292,25.87196,25.994355,25.938285548888924,26.275965125976757,25.712744874023247,0.3160312886651749,20.383245718161376,1860.6,0.3886513797123896,0.3886513797123896,-1.015520214600496,0.0003949676526374
2017-11-07,25.73,25.73,25.73,25.73,2153,0,-0.3871467286101326,25.83692,25.84246,25.981354999999997,25.91844882994712,26.286807158197284,25.67590284180271,0.3251051939191973,19.54789396649828,1968.25,0.0,0.0,-1.1335254562920172,-0.0038789808140962
2017-11-08,25.63,25.88,25.63,25.8255,2327,0,0.3711620676253524,25.82002,25.84501,25.967885000000003,25.909596560428348,26.27600300388131,25.659766996118694,0.2283400243856282,30.363175675675578,2070.75,0.9754194303550529,0.7627779945376617,0.098837209302327,0.0037047496088469
2017-11-09,25.8255,25.8255,25.8255,25.8255,2328,0,0.0,25.80616,25.84756,25.953660000000003,25.901587364197077,26.260418656378548,25.646901343621455,0.2283400243856282,30.774718219432188,2025.6,0.0,0.0,0.098837209302327,0.0
2017-11-10,25.72,25.72,25.71,25.719,2293,0,-0.4123831097171404,25.786,25.832960000000003,25.928859999999997,25.884198091416405,26.226727885938875,25.63099211406112,0.2461131703777984,26.715382709933095,2102.35,0.0388953714507896,-0.0038880248833501,-0.5644693601391748,-0.004132357537771
